{
    "properties": {
        "__categories": [
            {
                "expanded": true,
                "id": "fontInfo",
                "visible": true
            },
            {
                "expanded": true,
                "id": "name",
                "visible": true
            }
        ],
        "__groups": [
        ],
        "antialias": {
            "enabled": true,
            "type": "boolean",
            "value": false,
            "visible": true
        },
        "dataMemoryLocation": {
            "enabled": false,
            "type": "memorylocation",
            "value": "{7248a528-9f6b-4ce5-acc2-acbf99642675}",
            "visible": true
        },
        "dataSize": {
            "enabled": true,
            "type": "integer",
            "value": 0,
            "visible": false
        },
        "glyphCount": {
            "enabled": false,
            "type": "integer",
            "value": 96,
            "visible": true
        },
        "glyphDataSize": {
            "enabled": false,
            "type": "integer",
            "value": 1716,
            "visible": true
        },
        "glyphMemoryLocation": {
            "enabled": true,
            "type": "memorylocation",
            "value": "{7248a528-9f6b-4ce5-acc2-acbf99642675}",
            "visible": true
        },
        "height": {
            "enabled": true,
            "type": "integer",
            "value": 21,
            "visible": false
        },
        "id": {
            "enabled": true,
            "type": "uuid",
            "value": "{cfb48eb5-76f5-4d56-92f4-90c3453d0cf9}",
            "visible": true
        },
        "kerningDataSize": {
            "enabled": false,
            "type": "integer",
            "value": 1924,
            "visible": true
        },
        "maxBaseline": {
            "enabled": true,
            "type": "integer",
            "value": 13,
            "visible": false
        },
        "maxHeight": {
            "enabled": true,
            "type": "integer",
            "value": 18,
            "visible": false
        },
        "name": {
            "enabled": true,
            "type": "text",
            "value": "",
            "visible": true
        },
        "outputName": {
            "enabled": true,
            "type": "text",
            "value": "Roboto_Regular_16",
            "visible": true
        },
        "pointSize": {
            "enabled": true,
            "type": "integer",
            "value": 16,
            "visible": true
        },
        "sourceName": {
            "enabled": false,
            "type": "text",
            "value": "NotoSans-Medium.ttf",
            "visible": true
        }
    }
}
