{
    "activeLayer": "{48e73b1c-8c45-4599-8b1d-f34b32d216ea}",
    "events": {
        "hideEvent": {
            "enabled": "true",
            "properties": {
                "__categories": [
                ],
                "__groups": [
                ],
                "enabled": {
                    "enabled": true,
                    "type": "boolean",
                    "value": true,
                    "visible": true
                },
                "id": {
                    "enabled": true,
                    "type": "uuid",
                    "value": "{2593755d-650e-4527-87a9-75c0623dec6d}",
                    "visible": true
                }
            }
        },
        "showEvent": {
            "enabled": "true",
            "properties": {
                "__categories": [
                ],
                "__groups": [
                ],
                "enabled": {
                    "enabled": true,
                    "type": "boolean",
                    "value": true,
                    "visible": true
                },
                "id": {
                    "enabled": true,
                    "type": "uuid",
                    "value": "{e7716c34-565e-4224-9d8b-b2b5ad09a175}",
                    "visible": true
                }
            }
        },
        "updateEvent": {
            "enabled": "false",
            "properties": {
                "__categories": [
                ],
                "__groups": [
                ],
                "enabled": {
                    "enabled": true,
                    "type": "boolean",
                    "value": false,
                    "visible": true
                },
                "id": {
                    "enabled": true,
                    "type": "uuid",
                    "value": "{80dcce80-f1ed-4ee7-87e3-2cf1f9d33227}",
                    "visible": true
                }
            }
        }
    },
    "layers": [
        {
            "children": [
            ],
            "properties": {
                "__categories": [
                    {
                        "expanded": true,
                        "id": "layer",
                        "visible": true
                    },
                    {
                        "expanded": true,
                        "id": "editorOptions",
                        "visible": true
                    }
                ],
                "__groups": [
                    {
                        "expanded": false,
                        "id": "position",
                        "visible": false
                    },
                    {
                        "expanded": false,
                        "id": "size",
                        "visible": false
                    }
                ],
                "colorMode": {
                    "enabled": true,
                    "type": "combo",
                    "value": 6,
                    "visible": true
                },
                "editorExpanded": {
                    "enabled": true,
                    "type": "boolean",
                    "value": true,
                    "visible": false
                },
                "editorHidden": {
                    "enabled": true,
                    "type": "boolean",
                    "value": false,
                    "visible": true
                },
                "editorLocked": {
                    "enabled": true,
                    "type": "boolean",
                    "value": false,
                    "visible": true
                },
                "height": {
                    "enabled": true,
                    "type": "integer",
                    "value": 272,
                    "visible": true
                },
                "id": {
                    "enabled": true,
                    "type": "uuid",
                    "value": "{48e73b1c-8c45-4599-8b1d-f34b32d216ea}",
                    "visible": true
                },
                "name": {
                    "enabled": true,
                    "type": "text",
                    "value": "Layer0",
                    "visible": true
                },
                "renderMode": {
                    "enabled": true,
                    "type": "combo",
                    "value": 1,
                    "visible": true
                },
                "sizeLocked": {
                    "enabled": true,
                    "type": "boolean",
                    "value": true,
                    "visible": true
                },
                "width": {
                    "enabled": true,
                    "type": "integer",
                    "value": 480,
                    "visible": true
                },
                "x": {
                    "enabled": true,
                    "type": "integer",
                    "value": 0,
                    "visible": true
                },
                "y": {
                    "enabled": true,
                    "type": "integer",
                    "value": 0,
                    "visible": true
                }
            }
        },
        {
            "children": [
                {
                    "properties": {
                        "__categories": [
                            {
                                "expanded": true,
                                "id": "widget",
                                "visible": true
                            },
                            {
                                "expanded": true,
                                "id": "editorOptions",
                                "visible": true
                            }
                        ],
                        "__groups": [
                            {
                                "expanded": false,
                                "id": "position",
                                "visible": true
                            },
                            {
                                "expanded": false,
                                "id": "size",
                                "visible": true
                            },
                            {
                                "expanded": false,
                                "id": "alignment",
                                "visible": true
                            },
                            {
                                "expanded": false,
                                "id": "margins",
                                "visible": true
                            }
                        ],
                        "alphaEnable": {
                            "enabled": true,
                            "type": "boolean",
                            "value": false,
                            "visible": true
                        },
                        "alphaLevel": {
                            "enabled": true,
                            "type": "integer",
                            "value": 255,
                            "visible": true
                        },
                        "background": {
                            "enabled": true,
                            "type": "combo",
                            "value": 1,
                            "visible": true
                        },
                        "border": {
                            "enabled": true,
                            "type": "combo",
                            "value": 0,
                            "visible": true
                        },
                        "editorExpanded": {
                            "enabled": true,
                            "type": "boolean",
                            "value": true,
                            "visible": false
                        },
                        "editorHidden": {
                            "enabled": true,
                            "type": "boolean",
                            "value": false,
                            "visible": true
                        },
                        "editorLocked": {
                            "enabled": true,
                            "type": "boolean",
                            "value": false,
                            "visible": true
                        },
                        "enabled": {
                            "enabled": true,
                            "type": "boolean",
                            "value": true,
                            "visible": true
                        },
                        "halign": {
                            "enabled": true,
                            "type": "combo",
                            "value": 1,
                            "visible": true
                        },
                        "height": {
                            "enabled": true,
                            "type": "integer",
                            "value": 272,
                            "visible": true
                        },
                        "id": {
                            "enabled": true,
                            "type": "uuid",
                            "value": "{bed7d359-755f-4879-aa3a-af0df5e5cf9d}",
                            "visible": true
                        },
                        "marginBottom": {
                            "enabled": true,
                            "type": "integer",
                            "value": 4,
                            "visible": true
                        },
                        "marginLeft": {
                            "enabled": true,
                            "type": "integer",
                            "value": 4,
                            "visible": true
                        },
                        "marginRight": {
                            "enabled": true,
                            "type": "integer",
                            "value": 4,
                            "visible": true
                        },
                        "marginTop": {
                            "enabled": true,
                            "type": "integer",
                            "value": 4,
                            "visible": true
                        },
                        "name": {
                            "enabled": true,
                            "type": "text",
                            "value": "Layer_0_FillPanel",
                            "visible": true
                        },
                        "scheme": {
                            "enabled": true,
                            "type": "scheme",
                            "value": "{acb9979c-2a02-49d4-a357-4ef1a0270364}",
                            "visible": true
                        },
                        "valign": {
                            "enabled": true,
                            "type": "combo",
                            "value": 1,
                            "visible": true
                        },
                        "visible": {
                            "enabled": true,
                            "type": "boolean",
                            "value": true,
                            "visible": true
                        },
                        "width": {
                            "enabled": true,
                            "type": "integer",
                            "value": 480,
                            "visible": true
                        },
                        "x": {
                            "enabled": true,
                            "type": "integer",
                            "value": 0,
                            "visible": true
                        },
                        "y": {
                            "enabled": true,
                            "type": "integer",
                            "value": 0,
                            "visible": true
                        }
                    },
                    "type": "PanelWidget"
                },
                {
                    "events": {
                        "pressEvent": {
                            "enabled": "false",
                            "properties": {
                                "__categories": [
                                ],
                                "__groups": [
                                ],
                                "enabled": {
                                    "enabled": true,
                                    "type": "boolean",
                                    "value": false,
                                    "visible": true
                                },
                                "id": {
                                    "enabled": true,
                                    "type": "uuid",
                                    "value": "{a46fdda7-564e-4767-8321-98211e2ac191}",
                                    "visible": true
                                }
                            }
                        },
                        "releaseEvent": {
                            "enabled": "true",
                            "properties": {
                                "__categories": [
                                ],
                                "__groups": [
                                ],
                                "enabled": {
                                    "enabled": true,
                                    "type": "boolean",
                                    "value": true,
                                    "visible": true
                                },
                                "id": {
                                    "enabled": true,
                                    "type": "uuid",
                                    "value": "{1a1634f9-3841-4066-ad67-e01ff7dc3b4e}",
                                    "visible": true
                                }
                            }
                        }
                    },
                    "properties": {
                        "__categories": [
                            {
                                "expanded": true,
                                "id": "widget",
                                "visible": true
                            },
                            {
                                "expanded": true,
                                "id": "button",
                                "visible": true
                            },
                            {
                                "expanded": true,
                                "id": "event",
                                "visible": true
                            },
                            {
                                "expanded": true,
                                "id": "editorOptions",
                                "visible": true
                            }
                        ],
                        "__groups": [
                            {
                                "expanded": false,
                                "id": "position",
                                "visible": true
                            },
                            {
                                "expanded": false,
                                "id": "size",
                                "visible": true
                            },
                            {
                                "expanded": false,
                                "id": "alignment",
                                "visible": true
                            },
                            {
                                "expanded": false,
                                "id": "margins",
                                "visible": true
                            }
                        ],
                        "alphaEnable": {
                            "enabled": true,
                            "type": "boolean",
                            "value": false,
                            "visible": true
                        },
                        "alphaLevel": {
                            "enabled": true,
                            "type": "integer",
                            "value": 255,
                            "visible": true
                        },
                        "background": {
                            "enabled": true,
                            "type": "combo",
                            "value": 0,
                            "visible": true
                        },
                        "border": {
                            "enabled": true,
                            "type": "combo",
                            "value": 0,
                            "visible": true
                        },
                        "editorExpanded": {
                            "enabled": true,
                            "type": "boolean",
                            "value": true,
                            "visible": false
                        },
                        "editorHidden": {
                            "enabled": true,
                            "type": "boolean",
                            "value": false,
                            "visible": true
                        },
                        "editorLocked": {
                            "enabled": true,
                            "type": "boolean",
                            "value": false,
                            "visible": true
                        },
                        "enabled": {
                            "enabled": true,
                            "type": "boolean",
                            "value": true,
                            "visible": true
                        },
                        "halign": {
                            "enabled": true,
                            "type": "combo",
                            "value": 2,
                            "visible": true
                        },
                        "height": {
                            "enabled": true,
                            "type": "integer",
                            "value": 60,
                            "visible": true
                        },
                        "id": {
                            "enabled": true,
                            "type": "uuid",
                            "value": "{aa753a16-9629-4e2b-bf2a-60b212a4e2e0}",
                            "visible": true
                        },
                        "imageMargin": {
                            "enabled": true,
                            "type": "integer",
                            "value": 10,
                            "visible": true
                        },
                        "imagePosition": {
                            "enabled": true,
                            "type": "combo",
                            "value": 0,
                            "visible": true
                        },
                        "marginBottom": {
                            "enabled": true,
                            "type": "integer",
                            "value": 4,
                            "visible": true
                        },
                        "marginLeft": {
                            "enabled": true,
                            "type": "integer",
                            "value": 4,
                            "visible": true
                        },
                        "marginRight": {
                            "enabled": true,
                            "type": "integer",
                            "value": 10,
                            "visible": true
                        },
                        "marginTop": {
                            "enabled": true,
                            "type": "integer",
                            "value": 10,
                            "visible": true
                        },
                        "name": {
                            "enabled": true,
                            "type": "text",
                            "value": "BntExit",
                            "visible": true
                        },
                        "pressOffset": {
                            "enabled": true,
                            "type": "integer",
                            "value": 1,
                            "visible": true
                        },
                        "pressed": {
                            "enabled": true,
                            "type": "boolean",
                            "value": false,
                            "visible": false
                        },
                        "pressedImage": {
                            "enabled": true,
                            "type": "image",
                            "value": "{43980c6c-e58c-4c0c-a7c2-fbb0847af679}",
                            "visible": true
                        },
                        "releasedImage": {
                            "enabled": true,
                            "type": "image",
                            "value": "{43980c6c-e58c-4c0c-a7c2-fbb0847af679}",
                            "visible": true
                        },
                        "scheme": {
                            "enabled": true,
                            "type": "scheme",
                            "value": "{5e6fc611-bf62-407d-84e1-56160634d069}",
                            "visible": true
                        },
                        "string": {
                            "enabled": true,
                            "type": "string",
                            "value": "{00000000-0000-0000-0000-000000000000}",
                            "visible": true
                        },
                        "toggleable": {
                            "enabled": true,
                            "type": "boolean",
                            "value": false,
                            "visible": true
                        },
                        "valign": {
                            "enabled": true,
                            "type": "combo",
                            "value": 0,
                            "visible": true
                        },
                        "visible": {
                            "enabled": true,
                            "type": "boolean",
                            "value": true,
                            "visible": true
                        },
                        "width": {
                            "enabled": true,
                            "type": "integer",
                            "value": 60,
                            "visible": true
                        },
                        "x": {
                            "enabled": true,
                            "type": "integer",
                            "value": 415,
                            "visible": true
                        },
                        "y": {
                            "enabled": true,
                            "type": "integer",
                            "value": 2,
                            "visible": true
                        }
                    },
                    "type": "ButtonWidget"
                },
                {
                    "events": {
                        "pressEvent": {
                            "enabled": "false",
                            "properties": {
                                "__categories": [
                                ],
                                "__groups": [
                                ],
                                "enabled": {
                                    "enabled": true,
                                    "type": "boolean",
                                    "value": false,
                                    "visible": true
                                },
                                "id": {
                                    "enabled": true,
                                    "type": "uuid",
                                    "value": "{9cc0b935-7dfc-4507-9a26-b4abc1659691}",
                                    "visible": true
                                }
                            }
                        },
                        "releaseEvent": {
                            "enabled": "true",
                            "properties": {
                                "__categories": [
                                ],
                                "__groups": [
                                ],
                                "enabled": {
                                    "enabled": true,
                                    "type": "boolean",
                                    "value": true,
                                    "visible": true
                                },
                                "id": {
                                    "enabled": true,
                                    "type": "uuid",
                                    "value": "{802f8932-c6ab-4f27-9c07-d87c7e2fc700}",
                                    "visible": true
                                }
                            }
                        }
                    },
                    "properties": {
                        "__categories": [
                            {
                                "expanded": true,
                                "id": "widget",
                                "visible": true
                            },
                            {
                                "expanded": true,
                                "id": "button",
                                "visible": true
                            },
                            {
                                "expanded": true,
                                "id": "event",
                                "visible": true
                            },
                            {
                                "expanded": true,
                                "id": "editorOptions",
                                "visible": true
                            }
                        ],
                        "__groups": [
                            {
                                "expanded": false,
                                "id": "position",
                                "visible": true
                            },
                            {
                                "expanded": false,
                                "id": "size",
                                "visible": true
                            },
                            {
                                "expanded": false,
                                "id": "alignment",
                                "visible": true
                            },
                            {
                                "expanded": false,
                                "id": "margins",
                                "visible": true
                            }
                        ],
                        "alphaEnable": {
                            "enabled": true,
                            "type": "boolean",
                            "value": false,
                            "visible": true
                        },
                        "alphaLevel": {
                            "enabled": true,
                            "type": "integer",
                            "value": 255,
                            "visible": true
                        },
                        "background": {
                            "enabled": true,
                            "type": "combo",
                            "value": 0,
                            "visible": true
                        },
                        "border": {
                            "enabled": true,
                            "type": "combo",
                            "value": 0,
                            "visible": true
                        },
                        "editorExpanded": {
                            "enabled": true,
                            "type": "boolean",
                            "value": true,
                            "visible": false
                        },
                        "editorHidden": {
                            "enabled": true,
                            "type": "boolean",
                            "value": false,
                            "visible": true
                        },
                        "editorLocked": {
                            "enabled": true,
                            "type": "boolean",
                            "value": false,
                            "visible": true
                        },
                        "enabled": {
                            "enabled": true,
                            "type": "boolean",
                            "value": true,
                            "visible": true
                        },
                        "halign": {
                            "enabled": true,
                            "type": "combo",
                            "value": 1,
                            "visible": true
                        },
                        "height": {
                            "enabled": true,
                            "type": "integer",
                            "value": 40,
                            "visible": true
                        },
                        "id": {
                            "enabled": true,
                            "type": "uuid",
                            "value": "{f4ea1314-ba8c-43ff-9cc2-a8be6edc0b14}",
                            "visible": true
                        },
                        "imageMargin": {
                            "enabled": true,
                            "type": "integer",
                            "value": 10,
                            "visible": true
                        },
                        "imagePosition": {
                            "enabled": true,
                            "type": "combo",
                            "value": 0,
                            "visible": true
                        },
                        "marginBottom": {
                            "enabled": true,
                            "type": "integer",
                            "value": 4,
                            "visible": true
                        },
                        "marginLeft": {
                            "enabled": true,
                            "type": "integer",
                            "value": 4,
                            "visible": true
                        },
                        "marginRight": {
                            "enabled": true,
                            "type": "integer",
                            "value": 4,
                            "visible": true
                        },
                        "marginTop": {
                            "enabled": true,
                            "type": "integer",
                            "value": 4,
                            "visible": true
                        },
                        "name": {
                            "enabled": true,
                            "type": "text",
                            "value": "BntHome",
                            "visible": true
                        },
                        "pressOffset": {
                            "enabled": true,
                            "type": "integer",
                            "value": 1,
                            "visible": true
                        },
                        "pressed": {
                            "enabled": true,
                            "type": "boolean",
                            "value": false,
                            "visible": false
                        },
                        "pressedImage": {
                            "enabled": true,
                            "type": "image",
                            "value": "{e48e2c5a-b3f9-49d9-a7b8-a93fe93de763}",
                            "visible": true
                        },
                        "releasedImage": {
                            "enabled": true,
                            "type": "image",
                            "value": "{e48e2c5a-b3f9-49d9-a7b8-a93fe93de763}",
                            "visible": true
                        },
                        "scheme": {
                            "enabled": true,
                            "type": "scheme",
                            "value": "{5e6fc611-bf62-407d-84e1-56160634d069}",
                            "visible": true
                        },
                        "string": {
                            "enabled": true,
                            "type": "string",
                            "value": "{00000000-0000-0000-0000-000000000000}",
                            "visible": true
                        },
                        "toggleable": {
                            "enabled": true,
                            "type": "boolean",
                            "value": false,
                            "visible": true
                        },
                        "valign": {
                            "enabled": true,
                            "type": "combo",
                            "value": 1,
                            "visible": true
                        },
                        "visible": {
                            "enabled": true,
                            "type": "boolean",
                            "value": true,
                            "visible": true
                        },
                        "width": {
                            "enabled": true,
                            "type": "integer",
                            "value": 40,
                            "visible": true
                        },
                        "x": {
                            "enabled": true,
                            "type": "integer",
                            "value": 435,
                            "visible": true
                        },
                        "y": {
                            "enabled": true,
                            "type": "integer",
                            "value": 225,
                            "visible": true
                        }
                    },
                    "type": "ButtonWidget"
                },
                {
                    "cells": [
                        {
                            "__categories": [
                                {
                                    "expanded": true,
                                    "id": "cell",
                                    "visible": true
                                }
                            ],
                            "__groups": [
                            ],
                            "action": {
                                "enabled": true,
                                "type": "combo",
                                "value": 0,
                                "visible": true
                            },
                            "background": {
                                "enabled": true,
                                "type": "combo",
                                "value": 1,
                                "visible": true
                            },
                            "enabled": {
                                "enabled": true,
                                "type": "boolean",
                                "value": true,
                                "visible": true
                            },
                            "imageMargin": {
                                "enabled": true,
                                "type": "integer",
                                "value": 10,
                                "visible": true
                            },
                            "position": {
                                "enabled": true,
                                "type": "combo",
                                "value": 2,
                                "visible": true
                            },
                            "pressIcon": {
                                "enabled": true,
                                "type": "image",
                                "value": "",
                                "visible": true
                            },
                            "releaseIcon": {
                                "enabled": true,
                                "type": "image",
                                "value": "",
                                "visible": true
                            },
                            "string": {
                                "enabled": true,
                                "type": "string",
                                "value": "{09d55509-f58c-422a-9df3-58a3d68df263}",
                                "visible": true
                            },
                            "value": {
                                "enabled": true,
                                "type": "string",
                                "value": "{00000000-0000-0000-0000-000000000000}",
                                "visible": true
                            }
                        },
                        {
                            "__categories": [
                                {
                                    "expanded": true,
                                    "id": "cell",
                                    "visible": true
                                }
                            ],
                            "__groups": [
                            ],
                            "action": {
                                "enabled": true,
                                "type": "combo",
                                "value": 0,
                                "visible": true
                            },
                            "background": {
                                "enabled": true,
                                "type": "combo",
                                "value": 1,
                                "visible": true
                            },
                            "enabled": {
                                "enabled": true,
                                "type": "boolean",
                                "value": true,
                                "visible": true
                            },
                            "imageMargin": {
                                "enabled": true,
                                "type": "integer",
                                "value": 10,
                                "visible": true
                            },
                            "position": {
                                "enabled": true,
                                "type": "combo",
                                "value": 0,
                                "visible": true
                            },
                            "pressIcon": {
                                "enabled": true,
                                "type": "image",
                                "value": "",
                                "visible": true
                            },
                            "releaseIcon": {
                                "enabled": true,
                                "type": "image",
                                "value": "",
                                "visible": true
                            },
                            "string": {
                                "enabled": true,
                                "type": "string",
                                "value": "{0cb2ad2b-8a24-49b7-bdaf-cb98892afedf}",
                                "visible": true
                            },
                            "value": {
                                "enabled": true,
                                "type": "string",
                                "value": "{00000000-0000-0000-0000-000000000000}",
                                "visible": true
                            }
                        },
                        {
                            "__categories": [
                                {
                                    "expanded": true,
                                    "id": "cell",
                                    "visible": true
                                }
                            ],
                            "__groups": [
                            ],
                            "action": {
                                "enabled": true,
                                "type": "combo",
                                "value": 0,
                                "visible": true
                            },
                            "background": {
                                "enabled": true,
                                "type": "combo",
                                "value": 1,
                                "visible": true
                            },
                            "enabled": {
                                "enabled": true,
                                "type": "boolean",
                                "value": true,
                                "visible": true
                            },
                            "imageMargin": {
                                "enabled": true,
                                "type": "integer",
                                "value": 10,
                                "visible": true
                            },
                            "position": {
                                "enabled": true,
                                "type": "combo",
                                "value": 0,
                                "visible": true
                            },
                            "pressIcon": {
                                "enabled": true,
                                "type": "image",
                                "value": "",
                                "visible": true
                            },
                            "releaseIcon": {
                                "enabled": true,
                                "type": "image",
                                "value": "",
                                "visible": true
                            },
                            "string": {
                                "enabled": true,
                                "type": "string",
                                "value": "{e44f7043-bd44-4693-b790-c7c8a5263ecd}",
                                "visible": true
                            },
                            "value": {
                                "enabled": true,
                                "type": "string",
                                "value": "{00000000-0000-0000-0000-000000000000}",
                                "visible": true
                            }
                        },
                        {
                            "__categories": [
                                {
                                    "expanded": true,
                                    "id": "cell",
                                    "visible": true
                                }
                            ],
                            "__groups": [
                            ],
                            "action": {
                                "enabled": true,
                                "type": "combo",
                                "value": 0,
                                "visible": true
                            },
                            "background": {
                                "enabled": true,
                                "type": "combo",
                                "value": 1,
                                "visible": true
                            },
                            "enabled": {
                                "enabled": true,
                                "type": "boolean",
                                "value": true,
                                "visible": true
                            },
                            "imageMargin": {
                                "enabled": true,
                                "type": "integer",
                                "value": 10,
                                "visible": true
                            },
                            "position": {
                                "enabled": true,
                                "type": "combo",
                                "value": 0,
                                "visible": true
                            },
                            "pressIcon": {
                                "enabled": true,
                                "type": "image",
                                "value": "",
                                "visible": true
                            },
                            "releaseIcon": {
                                "enabled": true,
                                "type": "image",
                                "value": "",
                                "visible": true
                            },
                            "string": {
                                "enabled": true,
                                "type": "string",
                                "value": "{e3c045e2-4b39-41f7-903e-3bc94e7c0224}",
                                "visible": true
                            },
                            "value": {
                                "enabled": true,
                                "type": "string",
                                "value": "{00000000-0000-0000-0000-000000000000}",
                                "visible": true
                            }
                        },
                        {
                            "__categories": [
                                {
                                    "expanded": true,
                                    "id": "cell",
                                    "visible": true
                                }
                            ],
                            "__groups": [
                            ],
                            "action": {
                                "enabled": true,
                                "type": "combo",
                                "value": 0,
                                "visible": true
                            },
                            "background": {
                                "enabled": true,
                                "type": "combo",
                                "value": 1,
                                "visible": true
                            },
                            "enabled": {
                                "enabled": true,
                                "type": "boolean",
                                "value": true,
                                "visible": true
                            },
                            "imageMargin": {
                                "enabled": true,
                                "type": "integer",
                                "value": 10,
                                "visible": true
                            },
                            "position": {
                                "enabled": true,
                                "type": "combo",
                                "value": 0,
                                "visible": true
                            },
                            "pressIcon": {
                                "enabled": true,
                                "type": "image",
                                "value": "",
                                "visible": true
                            },
                            "releaseIcon": {
                                "enabled": true,
                                "type": "image",
                                "value": "",
                                "visible": true
                            },
                            "string": {
                                "enabled": true,
                                "type": "string",
                                "value": "{4515ff58-3f7a-4448-94cf-25972f74f9cf}",
                                "visible": true
                            },
                            "value": {
                                "enabled": true,
                                "type": "string",
                                "value": "{00000000-0000-0000-0000-000000000000}",
                                "visible": true
                            }
                        },
                        {
                            "__categories": [
                                {
                                    "expanded": true,
                                    "id": "cell",
                                    "visible": true
                                }
                            ],
                            "__groups": [
                            ],
                            "action": {
                                "enabled": true,
                                "type": "combo",
                                "value": 0,
                                "visible": true
                            },
                            "background": {
                                "enabled": true,
                                "type": "combo",
                                "value": 1,
                                "visible": true
                            },
                            "enabled": {
                                "enabled": true,
                                "type": "boolean",
                                "value": true,
                                "visible": true
                            },
                            "imageMargin": {
                                "enabled": true,
                                "type": "integer",
                                "value": 10,
                                "visible": true
                            },
                            "position": {
                                "enabled": true,
                                "type": "combo",
                                "value": 0,
                                "visible": true
                            },
                            "pressIcon": {
                                "enabled": true,
                                "type": "image",
                                "value": "",
                                "visible": true
                            },
                            "releaseIcon": {
                                "enabled": true,
                                "type": "image",
                                "value": "",
                                "visible": true
                            },
                            "string": {
                                "enabled": true,
                                "type": "string",
                                "value": "{ff633631-b768-4997-9ccb-69a9578823b1}",
                                "visible": true
                            },
                            "value": {
                                "enabled": true,
                                "type": "string",
                                "value": "{00000000-0000-0000-0000-000000000000}",
                                "visible": true
                            }
                        },
                        {
                            "__categories": [
                                {
                                    "expanded": true,
                                    "id": "cell",
                                    "visible": true
                                }
                            ],
                            "__groups": [
                            ],
                            "action": {
                                "enabled": true,
                                "type": "combo",
                                "value": 0,
                                "visible": true
                            },
                            "background": {
                                "enabled": true,
                                "type": "combo",
                                "value": 1,
                                "visible": true
                            },
                            "enabled": {
                                "enabled": true,
                                "type": "boolean",
                                "value": true,
                                "visible": true
                            },
                            "imageMargin": {
                                "enabled": true,
                                "type": "integer",
                                "value": 10,
                                "visible": true
                            },
                            "position": {
                                "enabled": true,
                                "type": "combo",
                                "value": 0,
                                "visible": true
                            },
                            "pressIcon": {
                                "enabled": true,
                                "type": "image",
                                "value": "",
                                "visible": true
                            },
                            "releaseIcon": {
                                "enabled": true,
                                "type": "image",
                                "value": "",
                                "visible": true
                            },
                            "string": {
                                "enabled": true,
                                "type": "string",
                                "value": "{9628698b-afa6-4d20-95ff-b4b1e04e20da}",
                                "visible": true
                            },
                            "value": {
                                "enabled": true,
                                "type": "string",
                                "value": "{00000000-0000-0000-0000-000000000000}",
                                "visible": true
                            }
                        },
                        {
                            "__categories": [
                                {
                                    "expanded": true,
                                    "id": "cell",
                                    "visible": true
                                }
                            ],
                            "__groups": [
                            ],
                            "action": {
                                "enabled": true,
                                "type": "combo",
                                "value": 0,
                                "visible": true
                            },
                            "background": {
                                "enabled": true,
                                "type": "combo",
                                "value": 1,
                                "visible": true
                            },
                            "enabled": {
                                "enabled": true,
                                "type": "boolean",
                                "value": true,
                                "visible": true
                            },
                            "imageMargin": {
                                "enabled": true,
                                "type": "integer",
                                "value": 10,
                                "visible": true
                            },
                            "position": {
                                "enabled": true,
                                "type": "combo",
                                "value": 0,
                                "visible": true
                            },
                            "pressIcon": {
                                "enabled": true,
                                "type": "image",
                                "value": "",
                                "visible": true
                            },
                            "releaseIcon": {
                                "enabled": true,
                                "type": "image",
                                "value": "",
                                "visible": true
                            },
                            "string": {
                                "enabled": true,
                                "type": "string",
                                "value": "{65bc7f1d-bf93-4baa-8398-aed3ff49acab}",
                                "visible": true
                            },
                            "value": {
                                "enabled": true,
                                "type": "string",
                                "value": "{00000000-0000-0000-0000-000000000000}",
                                "visible": true
                            }
                        }
                    ],
                    "events": {
                        "keyClickEvent": {
                            "enabled": "true",
                            "properties": {
                                "__categories": [
                                ],
                                "__groups": [
                                ],
                                "enabled": {
                                    "enabled": true,
                                    "type": "boolean",
                                    "value": true,
                                    "visible": true
                                },
                                "id": {
                                    "enabled": true,
                                    "type": "uuid",
                                    "value": "{95343437-5119-4b81-b5a8-ea53d42d465c}",
                                    "visible": true
                                }
                            }
                        }
                    },
                    "properties": {
                        "__categories": [
                            {
                                "expanded": true,
                                "id": "widget",
                                "visible": true
                            },
                            {
                                "expanded": true,
                                "id": "keypad",
                                "visible": true
                            },
                            {
                                "expanded": true,
                                "id": "event",
                                "visible": true
                            },
                            {
                                "expanded": true,
                                "id": "editorOptions",
                                "visible": true
                            }
                        ],
                        "__groups": [
                            {
                                "expanded": false,
                                "id": "position",
                                "visible": true
                            },
                            {
                                "expanded": false,
                                "id": "size",
                                "visible": true
                            },
                            {
                                "expanded": false,
                                "id": "alignment",
                                "visible": true
                            },
                            {
                                "expanded": false,
                                "id": "margins",
                                "visible": true
                            }
                        ],
                        "alphaEnable": {
                            "enabled": true,
                            "type": "boolean",
                            "value": false,
                            "visible": true
                        },
                        "alphaLevel": {
                            "enabled": true,
                            "type": "integer",
                            "value": 255,
                            "visible": true
                        },
                        "background": {
                            "enabled": true,
                            "type": "combo",
                            "value": 1,
                            "visible": true
                        },
                        "border": {
                            "enabled": true,
                            "type": "combo",
                            "value": 2,
                            "visible": true
                        },
                        "colCount": {
                            "enabled": true,
                            "type": "integer",
                            "value": 2,
                            "visible": true
                        },
                        "editorExpanded": {
                            "enabled": true,
                            "type": "boolean",
                            "value": true,
                            "visible": false
                        },
                        "editorHidden": {
                            "enabled": true,
                            "type": "boolean",
                            "value": false,
                            "visible": true
                        },
                        "editorLocked": {
                            "enabled": true,
                            "type": "boolean",
                            "value": false,
                            "visible": true
                        },
                        "enabled": {
                            "enabled": true,
                            "type": "boolean",
                            "value": true,
                            "visible": true
                        },
                        "halign": {
                            "enabled": true,
                            "type": "combo",
                            "value": 0,
                            "visible": true
                        },
                        "height": {
                            "enabled": true,
                            "type": "integer",
                            "value": 200,
                            "visible": true
                        },
                        "id": {
                            "enabled": true,
                            "type": "uuid",
                            "value": "{da94a46b-3b35-4032-824f-a41b117d1db4}",
                            "visible": true
                        },
                        "marginBottom": {
                            "enabled": true,
                            "type": "integer",
                            "value": 10,
                            "visible": true
                        },
                        "marginLeft": {
                            "enabled": true,
                            "type": "integer",
                            "value": 10,
                            "visible": true
                        },
                        "marginRight": {
                            "enabled": true,
                            "type": "integer",
                            "value": 10,
                            "visible": true
                        },
                        "marginTop": {
                            "enabled": true,
                            "type": "integer",
                            "value": 10,
                            "visible": true
                        },
                        "name": {
                            "enabled": true,
                            "type": "text",
                            "value": "KeyPadServiceAdvaced",
                            "visible": true
                        },
                        "rowCount": {
                            "enabled": true,
                            "type": "integer",
                            "value": 4,
                            "visible": true
                        },
                        "scheme": {
                            "enabled": true,
                            "type": "scheme",
                            "value": "{5ae8393f-0eb3-45a9-b930-5af12c207b5b}",
                            "visible": true
                        },
                        "triggerMode": {
                            "enabled": true,
                            "type": "combo",
                            "value": 0,
                            "visible": true
                        },
                        "valign": {
                            "enabled": true,
                            "type": "combo",
                            "value": 1,
                            "visible": true
                        },
                        "visible": {
                            "enabled": true,
                            "type": "boolean",
                            "value": true,
                            "visible": true
                        },
                        "width": {
                            "enabled": true,
                            "type": "integer",
                            "value": 419,
                            "visible": true
                        },
                        "x": {
                            "enabled": true,
                            "type": "integer",
                            "value": 9,
                            "visible": true
                        },
                        "y": {
                            "enabled": true,
                            "type": "integer",
                            "value": 56,
                            "visible": true
                        }
                    },
                    "type": "KeyPadWidget"
                },
                {
                    "properties": {
                        "__categories": [
                            {
                                "expanded": true,
                                "id": "widget",
                                "visible": true
                            },
                            {
                                "expanded": true,
                                "id": "label",
                                "visible": true
                            },
                            {
                                "expanded": true,
                                "id": "editorOptions",
                                "visible": true
                            }
                        ],
                        "__groups": [
                            {
                                "expanded": false,
                                "id": "position",
                                "visible": true
                            },
                            {
                                "expanded": false,
                                "id": "size",
                                "visible": true
                            },
                            {
                                "expanded": false,
                                "id": "alignment",
                                "visible": true
                            },
                            {
                                "expanded": false,
                                "id": "margins",
                                "visible": true
                            }
                        ],
                        "alphaEnable": {
                            "enabled": true,
                            "type": "boolean",
                            "value": false,
                            "visible": true
                        },
                        "alphaLevel": {
                            "enabled": true,
                            "type": "integer",
                            "value": 255,
                            "visible": true
                        },
                        "background": {
                            "enabled": true,
                            "type": "combo",
                            "value": 0,
                            "visible": true
                        },
                        "border": {
                            "enabled": true,
                            "type": "combo",
                            "value": 0,
                            "visible": true
                        },
                        "editorExpanded": {
                            "enabled": true,
                            "type": "boolean",
                            "value": true,
                            "visible": false
                        },
                        "editorHidden": {
                            "enabled": true,
                            "type": "boolean",
                            "value": false,
                            "visible": true
                        },
                        "editorLocked": {
                            "enabled": true,
                            "type": "boolean",
                            "value": false,
                            "visible": true
                        },
                        "enabled": {
                            "enabled": true,
                            "type": "boolean",
                            "value": true,
                            "visible": true
                        },
                        "halign": {
                            "enabled": true,
                            "type": "combo",
                            "value": 0,
                            "visible": true
                        },
                        "height": {
                            "enabled": true,
                            "type": "integer",
                            "value": 36,
                            "visible": true
                        },
                        "id": {
                            "enabled": true,
                            "type": "uuid",
                            "value": "{dc9a373a-7dda-496b-9bb5-d8d04e618f37}",
                            "visible": true
                        },
                        "marginBottom": {
                            "enabled": true,
                            "type": "integer",
                            "value": 4,
                            "visible": true
                        },
                        "marginLeft": {
                            "enabled": true,
                            "type": "integer",
                            "value": 4,
                            "visible": true
                        },
                        "marginRight": {
                            "enabled": true,
                            "type": "integer",
                            "value": 4,
                            "visible": true
                        },
                        "marginTop": {
                            "enabled": true,
                            "type": "integer",
                            "value": 4,
                            "visible": true
                        },
                        "name": {
                            "enabled": true,
                            "type": "text",
                            "value": "LblTitle",
                            "visible": true
                        },
                        "scheme": {
                            "enabled": true,
                            "type": "scheme",
                            "value": "{5ae8393f-0eb3-45a9-b930-5af12c207b5b}",
                            "visible": true
                        },
                        "string": {
                            "enabled": true,
                            "type": "string",
                            "value": "{26f09f95-9bc4-4b7a-9f14-b880aa9d8b3c}",
                            "visible": true
                        },
                        "valign": {
                            "enabled": true,
                            "type": "combo",
                            "value": 1,
                            "visible": true
                        },
                        "visible": {
                            "enabled": true,
                            "type": "boolean",
                            "value": true,
                            "visible": true
                        },
                        "width": {
                            "enabled": true,
                            "type": "integer",
                            "value": 221,
                            "visible": true
                        },
                        "x": {
                            "enabled": true,
                            "type": "integer",
                            "value": 7,
                            "visible": true
                        },
                        "y": {
                            "enabled": true,
                            "type": "integer",
                            "value": 10,
                            "visible": true
                        }
                    },
                    "type": "LabelWidget"
                }
            ],
            "properties": {
                "__categories": [
                    {
                        "expanded": true,
                        "id": "layer",
                        "visible": true
                    },
                    {
                        "expanded": true,
                        "id": "editorOptions",
                        "visible": true
                    }
                ],
                "__groups": [
                    {
                        "expanded": false,
                        "id": "position",
                        "visible": false
                    },
                    {
                        "expanded": false,
                        "id": "size",
                        "visible": false
                    }
                ],
                "colorMode": {
                    "enabled": true,
                    "type": "combo",
                    "value": 6,
                    "visible": true
                },
                "editorExpanded": {
                    "enabled": true,
                    "type": "boolean",
                    "value": true,
                    "visible": false
                },
                "editorHidden": {
                    "enabled": true,
                    "type": "boolean",
                    "value": false,
                    "visible": true
                },
                "editorLocked": {
                    "enabled": true,
                    "type": "boolean",
                    "value": false,
                    "visible": true
                },
                "height": {
                    "enabled": true,
                    "type": "integer",
                    "value": 272,
                    "visible": true
                },
                "id": {
                    "enabled": true,
                    "type": "uuid",
                    "value": "{8117e3d4-c0a1-4dca-b35e-a393000b7340}",
                    "visible": true
                },
                "name": {
                    "enabled": true,
                    "type": "text",
                    "value": "Layer1",
                    "visible": true
                },
                "renderMode": {
                    "enabled": true,
                    "type": "combo",
                    "value": 1,
                    "visible": true
                },
                "sizeLocked": {
                    "enabled": true,
                    "type": "boolean",
                    "value": true,
                    "visible": true
                },
                "width": {
                    "enabled": true,
                    "type": "integer",
                    "value": 480,
                    "visible": true
                },
                "x": {
                    "enabled": true,
                    "type": "integer",
                    "value": 0,
                    "visible": true
                },
                "y": {
                    "enabled": true,
                    "type": "integer",
                    "value": 0,
                    "visible": true
                }
            }
        }
    ],
    "properties": {
        "__categories": [
            {
                "expanded": true,
                "id": "screen",
                "visible": true
            },
            {
                "expanded": true,
                "id": "event",
                "visible": true
            }
        ],
        "__groups": [
        ],
        "createAtStartup": {
            "enabled": true,
            "type": "boolean",
            "value": false,
            "visible": false
        },
        "enabled": {
            "enabled": true,
            "type": "boolean",
            "value": true,
            "visible": true
        },
        "id": {
            "enabled": true,
            "type": "uuid",
            "value": "{eb498238-26b4-4399-9706-3444b8f654e1}",
            "visible": true
        },
        "name": {
            "enabled": true,
            "type": "text",
            "value": "service_advanced",
            "visible": true
        },
        "persistent": {
            "enabled": true,
            "type": "boolean",
            "value": false,
            "visible": true
        }
    }
}
