{
    "fonts": [
        {
            "id": "{aad18d59-f596-4391-9d73-2070ebbab68b}",
            "name": "Roboto_Regular_20"
        },
        {
            "id": "{105ee249-f25e-4c88-957c-022b2acd405a}",
            "name": "ARIALUNI_10"
        },
        {
            "id": "{f00a7c6f-9154-494f-b806-128814055b5f}",
            "name": "Roboto_Regular_16o"
        },
        {
            "id": "{37c78dbf-2761-43dc-b041-7b8ceccd3ad2}",
            "name": "Roboto_Regular_48"
        },
        {
            "id": "{dbb8f740-0bdf-4e85-a403-401ce720bf61}",
            "name": "Roboto_Bold"
        },
        {
            "id": "{141b36ef-8a0a-4e9b-ae29-1c305bf89720}",
            "name": "Roboto_Bold_L"
        },
        {
            "id": "{4aa11a88-7cdf-45e6-98ba-1aab8f0cecc9}",
            "name": "Font18"
        },
        {
            "id": "{cfb48eb5-76f5-4d56-92f4-90c3453d0cf9}",
            "name": "Roboto_Regular_16"
        },
        {
            "id": "{e360850e-a2eb-4750-ace4-fffa15721d43}",
            "name": "key20"
        },
        {
            "id": "{d90bd94d-65f0-4990-bee6-631be2379e9a}",
            "name": "FontBold48"
        }
    ],
    "paths": [
    ]
}
