{
    "\n": {
        "advance": 3,
        "bearingX": 0,
        "bearingY": 0,
        "codePoint": 10,
        "height": 0,
        "width": 0
    },
    " ": {
        "advance": 3,
        "bearingX": 0,
        "bearingY": 0,
        "codePoint": 32,
        "height": 0,
        "width": 0
    },
    "!": {
        "advance": 4,
        "bearingX": 1,
        "bearingY": 10,
        "codePoint": 33,
        "data": "MEcGpP8Pmv8FjPcAfegAb9oAT6YADCgAuv8qiNwV",
        "height": 10,
        "width": 3
    },
    "\"": {
        "advance": 7,
        "bearingX": 1,
        "bearingY": 10,
        "codePoint": 34,
        "data": "OTEAOTHxzgDxzOPCAOO/w6AAw56hfQChfA==",
        "height": 5,
        "width": 5
    },
    "#": {
        "advance": 7,
        "bearingX": 0,
        "bearingY": 9,
        "codePoint": 35,
        "data": "AABYHxdeAAAA2y1LuwAJJPkyf60XQ///////pwBFxQC5VQCL//////9fE6CRJv0uDQCqYxrzAAAAxkY22AAA",
        "height": 9,
        "width": 7
    },
    "$": {
        "advance": 7,
        "bearingX": 0,
        "bearingY": 10,
        "codePoint": 36,
        "data": "AAAP/x8AAAABYf+JGgAAsP/Z8NgDC/+1AA8tAAHc6kQAAAAAG6z/uR0AAAAANdvkCABCAwCS/zAu/unR/fUQD47j/99QAAAAD/8fAAA=",
        "height": 11,
        "width": 7
    },
    "%": {
        "advance": 12,
        "bearingX": 0,
        "bearingY": 9,
        "codePoint": 37,
        "data": "BaLxrQoAAJxuAAAAXOIt124AKdsGAAAAkakAlqQAr1oAAAAAkKkAl6M5zkff2zkAWuIY1m3CSeNrd84ABKPyrlW+HP8hIv8LAAAAAtE1HP8XIf8fAAAAXqkAAuRhb+8FAAAH2yUAAEfj404A",
        "height": 9,
        "width": 12
    },
    "&": {
        "advance": 9,
        "bearingX": 0,
        "bearingY": 9,
        "codePoint": 38,
        "data": "AAOY79k7AAAAAGD/YbrCAAAAAH76DciyAAAAAD3/4t8mAAAAAHn//zsAS/9YS/+S2eozy+UGkv8iGtn4/1UAYv++bcH//9xNAX/h8sdXS7ZT",
        "height": 9,
        "width": 9
    },
    "'": {
        "advance": 4,
        "bearingX": 1,
        "bearingY": 10,
        "codePoint": 39,
        "data": "OTHxzuPCw6ChfQ==",
        "height": 5,
        "width": 2
    },
    "(": {
        "advance": 5,
        "bearingX": 1,
        "bearingY": 10,
        "codePoint": 40,
        "data": "AGuZA959VPwbmcUAvqMA4oQA8HoAzZYAqbQAe+gEGflSAJ64AB4i",
        "height": 13,
        "width": 3
    },
    ")": {
        "advance": 5,
        "bearingX": 0,
        "bearingY": 10,
        "codePoint": 41,
        "data": "LssGAArwYQAAldUAAEL/HAAh/0AABf1lAAD2cwAU/08AMv8rAGr1CADPlAA1/CIABDsAAA==",
        "height": 13,
        "width": 4
    },
    "*": {
        "advance": 6,
        "bearingX": 0,
        "bearingY": 10,
        "codePoint": 42,
        "data": "AABRWwAAFUucqUcbMtz//986AD/9+kkAAIRrXpEA",
        "height": 5,
        "width": 6
    },
    "+": {
        "advance": 7,
        "bearingX": 0,
        "bearingY": 8,
        "codePoint": 43,
        "data": "AAARixgAAAAAH/8rAAAAAB//KwAAi///////lyI/V/9gPyUAAB//KwAAAAAZzyMAAA==",
        "height": 7,
        "width": 7
    },
    ",": {
        "advance": 4,
        "bearingX": 0,
        "bearingY": 3,
        "codePoint": 44,
        "data": "AAIBAAbb0gQEzv8zACP9HSbflQASXQEA",
        "height": 6,
        "width": 4
    },
    "-": {
        "advance": 4,
        "bearingX": 0,
        "bearingY": 4,
        "codePoint": 45,
        "data": "a///2xxDQzo=",
        "height": 2,
        "width": 4
    },
    ".": {
        "advance": 4,
        "bearingX": 0,
        "bearingY": 3,
        "codePoint": 46,
        "data": "AB8VAAz14gADya4A",
        "height": 3,
        "width": 4
    },
    "/": {
        "advance": 5,
        "bearingX": 0,
        "bearingY": 10,
        "codePoint": 47,
        "data": "AAACyisAADL0BQAAcrgAAACzeAAAA/A3AAA08wQAAHW2AAAAtXUAAATyNQAANvEDAAB3tAAAALdzAAAA",
        "height": 12,
        "width": 5
    },
    "0": {
        "advance": 7,
        "bearingX": 0,
        "bearingY": 9,
        "codePoint": 48,
        "data": "AB688cEjAADQ5nLg2QE5/24AYv9DYP9AADX/a3X/NAAo/4Bf/0EANv9pNf9wAGX/QADM53Lh1gEAHLvxwCEA",
        "height": 9,
        "width": 7
    },
    "1": {
        "advance": 7,
        "bearingX": 0,
        "bearingY": 9,
        "codePoint": 49,
        "data": "AD+b+KMAAACb3P+jAAAAAB//owAAAAAf/6MAAAAAH/+jAAAAAB//owAAAAAf/6MAAANrfv/KayEH//////9P",
        "height": 9,
        "width": 7
    },
    "2": {
        "advance": 7,
        "bearingX": 0,
        "bearingY": 9,
        "codePoint": 50,
        "data": "AnnU8bEbAEr3kJf+twAAGAAAxvcBAAAAANLhAAAAAEn/gwAAAB3l1Q4AABbV6SAAAB7Z/6F5ezh7//////9z",
        "height": 9,
        "width": 7
    },
    "3": {
        "advance": 7,
        "bearingX": 0,
        "bearingY": 9,
        "codePoint": 51,
        "data": "B4DY9MQ1ACXlj4P55QAABQAAvvoKAABAfvqWAAAA0//iKAAAAAcqwfgiAhkAAHv/VnHvk4zs9h8Oltn1x0IA",
        "height": 9,
        "width": 7
    },
    "4": {
        "advance": 7,
        "bearingX": 0,
        "bearingY": 9,
        "codePoint": 52,
        "data": "AAABxP+rAAAAafn3qwAAG/GS8qsAALHlEfurAFT/SgD7qwC+//////+3QVdXV/3IPwAAAAD7qwAAAAAA+6sA",
        "height": 9,
        "width": 7
    },
    "5": {
        "advance": 7,
        "bearingX": 0,
        "bearingY": 9,
        "codePoint": 53,
        "data": "AMf/////AADV33t7ewAA464AAAAAAPLr79hRAACCa2nn+B4AAAAAgP9XAhwAAJL/SHHvkpn24g0OktfyuysA",
        "height": 9,
        "width": 7
    },
    "6": {
        "advance": 7,
        "bearingX": 0,
        "bearingY": 9,
        "codePoint": 54,
        "data": "AAaL4+SZDwCb+pKQwRkd/YcAAAAASv+O2uqEAF//2Viy/0dD/1AAKv+AGfyDADT/dgCj8W3C+ywAC6Du3FcA",
        "height": 9,
        "width": 7
    },
    "7": {
        "advance": 7,
        "bearingX": 0,
        "bearingY": 9,
        "codePoint": 55,
        "data": "Z///////fzJ7e3vI/DgAAAAY8YcAAAAAlfQOAAAAC/GdAAAAAEr/YQAAAACC/zQAAAAApf8cAAAAALz/CwAA",
        "height": 9,
        "width": 7
    },
    "8": {
        "advance": 7,
        "bearingX": 0,
        "bearingY": 9,
        "codePoint": 56,
        "data": "ADTH9dJDAADi11fE7wUJ+5kAWf8UAK71a6q2AAAz+f//TQAT8m0xxfojWv8qADj/ajT+tlCu/0EAWdT212IA",
        "height": 9,
        "width": 7
    },
    "9": {
        "advance": 7,
        "bearingX": 0,
        "bearingY": 9,
        "codePoint": 57,
        "data": "AE7X76YPACX5ym/usQBu/z8Adv4keP80AET/Tz7/t1fT/2oAe+rfjf9SAAAAAH7+JBO8lpD5owANl+PnkQgA",
        "height": 9,
        "width": 7
    },
    ":": {
        "advance": 4,
        "bearingX": 0,
        "bearingY": 7,
        "codePoint": 58,
        "data": "A8mtAA324wAAHxYAAAAAAAAfFgAM9eMAA8irAA==",
        "height": 7,
        "width": 4
    },
    ";": {
        "advance": 4,
        "bearingX": 0,
        "bearingY": 7,
        "codePoint": 59,
        "data": "A8mtAA324wAAHxYAAAAAAAACAQAG29IEBM7/MwAj/R0m35UAEl0BAA==",
        "height": 10,
        "width": 4
    },
    "<": {
        "advance": 7,
        "bearingX": 0,
        "bearingY": 8,
        "codePoint": 60,
        "data": "AAAAACyPhAAOZsn/11Zk9eCILwAAaPjghCsAAAASbdD/0lQAAAAAMpSG",
        "height": 6,
        "width": 7
    },
    "=": {
        "advance": 7,
        "bearingX": 0,
        "bearingY": 7,
        "codePoint": 61,
        "data": "i///////lyVDQ0NDQygAAAAAAAAAIj8/Pz8/JYv//////5c=",
        "height": 5,
        "width": 7
    },
    ">": {
        "advance": 7,
        "bearingX": 0,
        "bearingY": 8,
        "codePoint": 62,
        "data": "epMwAAAAAE7T/81qEAAAACqC3PdtAAAmftv6ckzO/9RxFQB9mTYAAAAA",
        "height": 6,
        "width": 7
    },
    "?": {
        "advance": 6,
        "bearingX": 0,
        "bearingY": 10,
        "codePoint": 63,
        "data": "AAtFVxQAJuH//+8kBnYaaP98AAAAWf9fAAAZ6MkHAACk8x8AAACynAAAAAAiEgAAABT61gAAAAfSoAAA",
        "height": 10,
        "width": 6
    },
    "@": {
        "advance": 12,
        "bearingX": 0,
        "bearingY": 9,
        "codePoint": 64,
        "data": "AAAAFY7G8tmjIAAAAABQ66lOJEOY8zoAACj2WgAAAAAAc9YEAMSVAD/S4btgBO4uDv4mGvSJZf84AMhWPvIBcPIGQfsIAN87QPIBaOsXnvMXdtkHEf8qF+f7is//zCoAALu6AQUMAAANAAAAAB3rw0EQF2MMAAAAAAAVmeX//cclAAAAAAAAAAAMBAAAAAAA",
        "height": 12,
        "width": 12
    },
    "A": {
        "advance": 8,
        "bearingX": -1,
        "bearingY": 9,
        "codePoint": 65,
        "data": "AAAAYP/5DgAAAAAAsdn/WQAAAAAL93PcqgAAAABT/yyT8wgAAACk5ABJ/00AAAXv/////54AAEb/kGNjzewDAJf/GQAAfP9BAebdAAAAPv+S",
        "height": 9,
        "width": 9
    },
    "B": {
        "advance": 8,
        "bearingX": 1,
        "bearingY": 9,
        "codePoint": 66,
        "data": "6///9c1QAOvoXH3s/BLr2wAAmf8l6+dQeOy+AOv/////hAfr2wAWgv9m69sAAC3/nuvoW3TN/13r///41WwA",
        "height": 9,
        "width": 7
    },
    "C": {
        "advance": 8,
        "bearingX": 0,
        "bearingY": 9,
        "codePoint": 67,
        "data": "AAA7ve/UeAIAT/3qm7bsHwXj8R0AABIALf+aAAAAAABR/3wAAAAAADP/mAAAAAAACe3uGQAAJwAAYP/mmbX+QgAAS8by1HkB",
        "height": 9,
        "width": 8
    },
    "D": {
        "advance": 9,
        "bearingX": 1,
        "bearingY": 9,
        "codePoint": 68,
        "data": "6//72pwZAOvrcqP96RLr2wAAav+M69sAAAr/wevbAAAA8N3r2wAADP+/69sAAHL/h+vrcqb+5g/r//3cnhgA",
        "height": 9,
        "width": 7
    },
    "E": {
        "advance": 7,
        "bearingX": 1,
        "bearingY": 9,
        "codePoint": 69,
        "data": "6/////+H6+17e3tB69sAAAAA6+17e3oA6/////sA69sAAAAA69sAAAAA6+17e3tR6/////+n",
        "height": 9,
        "width": 6
    },
    "F": {
        "advance": 7,
        "bearingX": 1,
        "bearingY": 9,
        "codePoint": 70,
        "data": "6/////+L6+17e3tD69sAAAAA69sAAAAA6/////8D6+1/f38B69sAAAAA69sAAAAA69sAAAAA",
        "height": 9,
        "width": 6
    },
    "G": {
        "advance": 9,
        "bearingX": 0,
        "bearingY": 9,
        "codePoint": 71,
        "data": "AAA2uezdmREATPzvn6TzUAXj8yIAABAALv+bAAAAAABR/3wAX///xzL/mgArc+XHCOvyHwAAz8cAW//uoab3xwAAQr/u46ol",
        "height": 9,
        "width": 8
    },
    "H": {
        "advance": 9,
        "bearingX": 1,
        "bearingY": 9,
        "codePoint": 72,
        "data": "69sAAADH++vbAAAAx/vr2wAAAMf76++Li4vm++v///////vr2wAAAMf769sAAADH++vbAAAAx/vr2wAAAMf7",
        "height": 9,
        "width": 7
    },
    "I": {
        "advance": 4,
        "bearingX": 1,
        "bearingY": 9,
        "codePoint": 73,
        "data": "69vr2+vb69vr2+vb69vr2+vb",
        "height": 9,
        "width": 2
    },
    "J": {
        "advance": 7,
        "bearingX": 0,
        "bearingY": 9,
        "codePoint": 74,
        "data": "AAAAA//DAAAAA//DAAAAA//DAAAAA//DAAAAA//DAAAABP/DATUAHP+wdv2i0/9rBpbh6I0F",
        "height": 9,
        "width": 6
    },
    "K": {
        "advance": 8,
        "bearingX": 1,
        "bearingY": 9,
        "codePoint": 75,
        "data": "69sAAIz/ZQDr2wBO/6IAAOvbH+7UCgAA6+HI/0AAAADr////oQAAAOv/m67+OQAA6+oII/nLAQDr2wAAiv9iAOvbAAAO6ukP",
        "height": 9,
        "width": 8
    },
    "L": {
        "advance": 7,
        "bearingX": 1,
        "bearingY": 9,
        "codePoint": 76,
        "data": "69sAAAAA69sAAAAA69sAAAAA69sAAAAA69sAAAAA69sAAAAA69sAAAAA6+17e3s46/////9z",
        "height": 9,
        "width": 6
    },
    "M": {
        "advance": 10,
        "bearingX": 1,
        "bearingY": 9,
        "codePoint": 77,
        "data": "6/85AAAL9f8j6/+UAABZ//8j6+XrBACy5P8j66X+SxH5n/8j653Eo2Hrb/8j66to7bSUd/8j66sS+f84d/8j66sArtwAd/8j66sAGSQAd/8j",
        "height": 9,
        "width": 9
    },
    "N": {
        "advance": 9,
        "bearingX": 1,
        "bearingY": 9,
        "codePoint": 78,
        "data": "6/0qAADP3+v/sAAAz9/r1v85AM/f66LPwQDO3+uzU/9Kvt/rwgDKxazf68MAQv/V3+vDAAC5/9/rwwAAMv7f",
        "height": 9,
        "width": 7
    },
    "O": {
        "advance": 9,
        "bearingX": 0,
        "bearingY": 9,
        "codePoint": 79,
        "data": "AABXyfLTegMAAGv/35fM/6IAC+/pEQADwP8yNf+UAAAAXf9sUv97AAAARP+JM/+XAAAAYP9qCevsFAAExP4uAGT/4ZfN/5wAAABTyPPTdwIA",
        "height": 9,
        "width": 9
    },
    "P": {
        "advance": 8,
        "bearingX": 1,
        "bearingY": 9,
        "codePoint": 80,
        "data": "6///8sZIAOvqaI/m+CTr2wAAWv9j69sAAHj/WuvqZJHt7hnr///xvjcA69sAAAAAAOvbAAAAAADr2wAAAAAA",
        "height": 9,
        "width": 7
    },
    "Q": {
        "advance": 9,
        "bearingX": 0,
        "bearingY": 9,
        "codePoint": 81,
        "data": "AABWyfLTeQMAAGj/4JfN/58ACu3rEwAEw/4vM/+XAAAAX/9qUv97AAAAQ/+KO/+QAAAAWf90DvPeBAAAq/84AIH/uVuY/7gAAAF/7v/5ngwAAAAADNDzVA0PAAAAACDj///OAAAAAAAHS2lK",
        "height": 12,
        "width": 9
    },
    "R": {
        "advance": 8,
        "bearingX": 1,
        "bearingY": 9,
        "codePoint": 82,
        "data": "6///9tFdAOvqZ4Ld/jrr2wAAXP9z69sAH67/Quv/////ogTr6mfa9hMA69sAWf+NAOvbAALV+B7r2wAAVf+f",
        "height": 9,
        "width": 7
    },
    "S": {
        "advance": 7,
        "bearingX": 0,
        "bearingY": 9,
        "codePoint": 83,
        "data": "AB6r7eKdFQDP/KWi8mYT/80AABEAAdz/sEAAAAAft///wyMAAAAuqP+0AEEFAALu7jn+25m8/6MAXMTx4ZAM",
        "height": 9,
        "width": 7
    },
    "T": {
        "advance": 8,
        "bearingX": 0,
        "bearingY": 9,
        "codePoint": 84,
        "data": "o////////yNPe5D/znt7EQAAJ/+fAAAAAAAn/58AAAAAACf/nwAAAAAAJ/+fAAAAAAAn/58AAAAAACf/nwAAAAAAJ/+fAAAA",
        "height": 9,
        "width": 8
    },
    "U": {
        "advance": 9,
        "bearingX": 1,
        "bearingY": 9,
        "codePoint": 85,
        "data": "988AAADH6/fPAAAAx+v3zwAAAMfr988AAADH6/fPAAAAx+vj2wAAANXWwPoYABb4tFX/2JLY/0oAZ9j21mIA",
        "height": 9,
        "width": 7
    },
    "V": {
        "advance": 7,
        "bearingX": -1,
        "bearingY": 9,
        "codePoint": 86,
        "data": "AejsAQAAdf9QAJ3/MQAAuPgLAFD/dQAF9bYAAAv4uQA9/2gAAAC29gd//xwAAABp/z7CzgAAAAAd/4r6gAAAAAAAz/T/MwAAAAAAgv/lAQAA",
        "height": 9,
        "width": 9
    },
    "W": {
        "advance": 11,
        "bearingX": 0,
        "bearingY": 9,
        "codePoint": 87,
        "data": "s/8YAFX/ZQAM/6CD/0EAkf+gADP/cVL/awDN7dwAW/9CIf+VDfyU/xmD/xQA775E/zb/U6vlAAC/4nbbAOqHz7YAAI7+saMAsLrziAAAXf/4awB2+P9ZAAAs//8zADz//yoA",
        "height": 9,
        "width": 11
    },
    "X": {
        "advance": 8,
        "bearingX": 0,
        "bearingY": 9,
        "codePoint": 88,
        "data": "a/+EAAXk5AgF3PAPW/9lAABY/3bI2gQAAAHN8v9XAAAAAH3/9AYAAAAM6eD/agAAAH//ONrpDQAW88AAYf+EAJP/RwAE3PUb",
        "height": 9,
        "width": 8
    },
    "Y": {
        "advance": 7,
        "bearingX": -1,
        "bearingY": 9,
        "codePoint": 89,
        "data": "AdfyDAAO9MsAAGL/ZgBr/1MAAAblzADS2gIAAAB0/2j/ZAAAAAAN7/rmBwAAAAAAiv96AAAAAAAAa/9bAAAAAAAAa/9bAAAAAAAAa/9bAAAA",
        "height": 9,
        "width": 9
    },
    "Z": {
        "advance": 7,
        "bearingX": 0,
        "bearingY": 9,
        "codePoint": 90,
        "data": "F///////zwt7e3vB/4cAAAAV7NsIAAAApv9BAAAASv+cAAAADOHoEQAAAJD/VQAAADb97Hx7e2p7///////b",
        "height": 9,
        "width": 7
    },
    "[": {
        "advance": 5,
        "bearingX": 1,
        "bearingY": 10,
        "codePoint": 91,
        "data": "vOvgy4MAy4MAy4MAy4MAy4MAy4MAy4MAy4MAy4MAy4MAy/ro",
        "height": 12,
        "width": 3
    },
    "\\": {
        "advance": 5,
        "bearingX": 0,
        "bearingY": 10,
        "codePoint": 92,
        "data": "eHwAAABW0QAAABf9EwAAANZTAAAAlpQAAABV1QAAABb+FwAAANVXAAAAlZgAAABU2QAAABX+GgAAANRb",
        "height": 12,
        "width": 5
    },
    "]": {
        "advance": 5,
        "bearingX": 0,
        "bearingY": 10,
        "codePoint": 93,
        "data": "Z+vrSQAA/08AAP9PAAD/TwAA/08AAP9PAAD/TwAA/08AAP9PAAD/TwAA/09q8/9P",
        "height": 12,
        "width": 4
    },
    "^": {
        "advance": 7,
        "bearingX": 0,
        "bearingY": 9,
        "codePoint": 94,
        "data": "AABl/3EAAAAAyO3UAAAAK/9Y/zgAAI7ZAM2cAAbrfABv8wwUXxYAEV8Z",
        "height": 6,
        "width": 7
    },
    "_": {
        "advance": 7,
        "bearingX": 0,
        "bearingY": 0,
        "codePoint": 95,
        "data": "BgcHBwcHBdf//////6M=",
        "height": 2,
        "width": 7
    },
    "`": {
        "advance": 8,
        "bearingX": 1,
        "bearingY": 11,
        "codePoint": 96,
        "data": "H7oTAFL6wQYAQvFVAAAYAA==",
        "height": 4,
        "width": 4
    },
    "a": {
        "advance": 7,
        "bearingX": 0,
        "bearingY": 7,
        "codePoint": 97,
        "data": "BWvK89ZFAALHnYbw6gcAAQg2wf8rAHfv2tr/Ozz/fACI/ztP/7Z47P87BKjzxH7/Ow==",
        "height": 7,
        "width": 7
    },
    "b": {
        "advance": 8,
        "bearingX": 0,
        "bearingY": 10,
        "codePoint": 98,
        "data": "Cqt2AAAAAAAP/68AAAAAAA//rwAAAAAAD//Es/G9HgAP//6fm/+9AA//swAA2P8ND/+vAACu/yEP/68AANX6BA//84qn/5kAD/+OxO+gDAA=",
        "height": 10,
        "width": 8
    },
    "c": {
        "advance": 6,
        "bearingX": 0,
        "bearingY": 7,
        "codePoint": 99,
        "data": "ABmk6uN1BtH8mKdYS/+iAAAAcP9kAAAAUf+fAAAACt/6kZGJACW18OF1",
        "height": 7,
        "width": 6
    },
    "d": {
        "advance": 8,
        "bearingX": 0,
        "bearingY": 10,
        "codePoint": 100,
        "data": "AAAAAACrgwAAAAAA/8MAAAAAAP/DACjE8KX3wwXb+Yys/8NE/6AAAP/DZv9nAAD/w1D/hAAC/8MP7vSEuf/DAD/T7pfGww==",
        "height": 10,
        "width": 7
    },
    "e": {
        "advance": 7,
        "bearingX": 0,
        "bearingY": 7,
        "codePoint": 101,
        "data": "AB6y8dNHAAbX5nzD9RdM/4EnTf9ZcP//////a1D/egAAAAAJ2/GKeJ0AACGw7uabCw==",
        "height": 7,
        "width": 7
    },
    "f": {
        "advance": 4,
        "bearingX": 0,
        "bearingY": 10,
        "codePoint": 102,
        "data": "ABq886IAlv+XTADA/wYAn////0NE3P9nGwDD/wAAAMP/AAAAw/8AAADD/wAAAMP/AAA=",
        "height": 10,
        "width": 5
    },
    "g": {
        "advance": 7,
        "bearingX": 0,
        "bearingY": 7,
        "codePoint": 103,
        "data": "AEjT/P//1xP0ylPl10A+/28An/EAE/i7M9zIAACg8vbGKwAS/pdJRCUAAMf/////lkP9KQAQ4ORp/3MrZP2bC5bU9tmCBw==",
        "height": 10,
        "width": 7
    },
    "h": {
        "advance": 8,
        "bearingX": 0,
        "bearingY": 10,
        "codePoint": 104,
        "data": "Cqt2AAAAAA//rwAAAAAP/68AAAAAD/+0nezPJA///7e4/5wP/70ADv7ED/+vAADzyw//rwAA88sP/68AAPPLD/+vAADzyw==",
        "height": 10,
        "width": 7
    },
    "i": {
        "advance": 4,
        "bearingX": 0,
        "bearingY": 10,
        "codePoint": 105,
        "data": "Et6XDsqHAAAAD/+vD/+vD/+vD/+vD/+vD/+vD/+v",
        "height": 10,
        "width": 3
    },
    "j": {
        "advance": 4,
        "bearingX": -1,
        "bearingY": 10,
        "codePoint": 106,
        "data": "AA/cmwAMyYoAAAAAAAv/twAL/7cAC/+3AAv/twAL/7cAC/+3AAv/twAU/7Eumf+Ijfm9Fw==",
        "height": 13,
        "width": 4
    },
    "k": {
        "advance": 7,
        "bearingX": 0,
        "bearingY": 10,
        "codePoint": 107,
        "data": "DdeNAAAAAAAP/6cAAAAAAA//pwAAAAAAD/+nAFr/iwAP/6cq9LkDAA//tNffEQAAD////+0UAAAP//13/J8AAA//rwCX/z4AD/+nABbx1gY=",
        "height": 10,
        "width": 8
    },
    "l": {
        "advance": 4,
        "bearingX": 0,
        "bearingY": 10,
        "codePoint": 108,
        "data": "C7uBAA//rwAP/68AD/+vAA//rwAP/68AD/+vAA//rwAB7N8lAIT0Yw==",
        "height": 10,
        "width": 4
    },
    "m": {
        "advance": 12,
        "bearingX": 0,
        "bearingY": 7,
        "codePoint": 109,
        "data": "D/98ou27G5/tvRIP//61xv/3tcb/eg//vQAs/70ALP+kD/+vABP/rwAT/6sP/68AE/+vABP/qw//rwAT/68AE/+rD/+vABP/rwAT/6s=",
        "height": 7,
        "width": 11
    },
    "n": {
        "advance": 8,
        "bearingX": 0,
        "bearingY": 7,
        "codePoint": 110,
        "data": "D/98nOzPJA///re4/5wP/70ADv7ED/+vAADzyw//rwAA88sP/68AAPPLD/+vAADzyw==",
        "height": 7,
        "width": 7
    },
    "o": {
        "advance": 8,
        "bearingX": 0,
        "bearingY": 7,
        "codePoint": 111,
        "data": "AB+w8NllAAfY9YjC/1pN/5AAFf/IcP9fAADk7E7/jQAU/skJ2vODvf9dACCx8NpoAA==",
        "height": 7,
        "width": 7
    },
    "p": {
        "advance": 8,
        "bearingX": 0,
        "bearingY": 7,
        "codePoint": 112,
        "data": "D/+TsvC+HwAP//6fm/+9AA//swAA2P8ND/+vAACu/yEP/68AANb6BA//9Iqp/5oAD//LyPCgDAAP/64AAAAAAA//rwAAAAAAD/+vAAAAAAA=",
        "height": 10,
        "width": 8
    },
    "q": {
        "advance": 8,
        "bearingX": 0,
        "bearingY": 7,
        "codePoint": 113,
        "data": "ACnE8ai/wwbd+Yys/8NG/6AAAP/DZv9nAAD/w0//hAAC/8MO7fSEuf/DAD7S75j2wwAAAAAA/sMAAAAAAP/DAAAAAAD/ww==",
        "height": 10,
        "width": 7
    },
    "r": {
        "advance": 5,
        "bearingX": 0,
        "bearingY": 7,
        "codePoint": 114,
        "data": "D/9umvYnD//r2JsCD//iDwAAD/+vAAAAD/+vAAAAD/+vAAAAD/+vAAAA",
        "height": 7,
        "width": 6
    },
    "s": {
        "advance": 6,
        "bearingX": 0,
        "bearingY": 7,
        "codePoint": 115,
        "data": "AHnm7KocOf+saLAPPv+8KwAAAHLw/qoMAAAPkP9xSshlkv9hL7Lu6JAD",
        "height": 7,
        "width": 6
    },
    "t": {
        "advance": 5,
        "bearingX": 0,
        "bearingY": 9,
        "codePoint": 116,
        "data": "AHLCAAAAqfMAALT///+bTeP4Zz8Az/MAAADP8wAAAMv5BAAApv+VSAAnzfSa",
        "height": 9,
        "width": 5
    },
    "u": {
        "advance": 8,
        "bearingX": 0,
        "bearingY": 7,
        "codePoint": 117,
        "data": "H/+fAA//sx//nwAP/7Mf/58AD/+zH/+fAA//sxn/tgAg/7MD8PaY2vyzAF/q21/Osw==",
        "height": 7,
        "width": 7
    },
    "v": {
        "advance": 7,
        "bearingX": 0,
        "bearingY": 7,
        "codePoint": 118,
        "data": "rf4VABj+kln/WgBf/z8N+KEApuoDALHoAuubAABd/1j/SAAAEPnY8AYAAAC1/6QAAA==",
        "height": 7,
        "width": 7
    },
    "w": {
        "advance": 10,
        "bearingX": 0,
        "bearingY": 7,
        "codePoint": 119,
        "data": "j/8uALL/GwC74U//ZAHt/FkB8KUR/Zsq+7mXKP9pAM/QZdWE1Vz/LQCP9pyiT/2R7wIAT//qZxT/6LUAABH9/ywA1v95AA==",
        "height": 7,
        "width": 10
    },
    "x": {
        "advance": 7,
        "bearingX": 0,
        "bearingY": 7,
        "codePoint": 120,
        "data": "ZP95AKT7JgLM7in6lAAAOv7j8RUAAAHe/5UAAABg/9jsFAAM5ro4/54Ahv8+AKb+PQ==",
        "height": 7,
        "width": 7
    },
    "y": {
        "advance": 7,
        "bearingX": 0,
        "bearingY": 7,
        "codePoint": 121,
        "data": "qP4ZABv/jkr/aABh/zsD57kAp+cCAIz6D+uXAAAu/3r/RAAAAM/v7gQAAABw/6AAAAAAX/9KAAAQeefUAgAASfvIKAAAAA==",
        "height": 10,
        "width": 7
    },
    "z": {
        "advance": 6,
        "bearingX": 0,
        "bearingY": 7,
        "codePoint": 122,
        "data": "L/////+vE2dn0/9UAAA6/a8AAAbW7xkAAIL/YwAALfrqZGNOg//////H",
        "height": 7,
        "width": 6
    },
    "{": {
        "advance": 5,
        "bearingX": 0,
        "bearingY": 10,
        "codePoint": 123,
        "data": "ACHL4AB4+xkAg+YAAHfrAABt8AAVts8Ak/9WAA+n1gAAb+8AAH7nAAB+9QwALMvu",
        "height": 12,
        "width": 4
    },
    "|": {
        "advance": 4,
        "bearingX": 1,
        "bearingY": 10,
        "codePoint": 124,
        "data": "z1fPV89Xz1fPV89Xz1fPV89Xz1fPV89Xz1d+NQ==",
        "height": 14,
        "width": 2
    },
    "}": {
        "advance": 5,
        "bearingX": 0,
        "bearingY": 10,
        "codePoint": 125,
        "data": "Z+WAAAABkfkBAABj/wYAAGj7AAAAbfAAAABM/00AAAfL/xMAU/08AABs8gAAAGT+AgAAf/0EAGvviwAA",
        "height": 12,
        "width": 5
    },
    "~": {
        "advance": 7,
        "bearingX": 0,
        "bearingY": 6,
        "codePoint": 126,
        "data": "CaztfQAAAEm/h/+KtFAAAQB17rcP",
        "height": 3,
        "width": 7
    },
    "": {
        "advance": 12,
        "bearingX": 1,
        "bearingY": 11,
        "codePoint": 127,
        "data": "z7ybm5ubm5u/x6iqCgAAAAANraObK5cAAAAAniiXmwBYagAAclQAl5sAAIs3PogAAJebAAAFqaoEAACXmwAAA6WmAwAAl5sAAIU6QYIAAJebAFNsAAB1TgCXmyeYAAAAAJ8kl6apCwAAAAAOq6HPupeXl5eXl73H",
        "height": 12,
        "width": 10
    },
    "": {
        "advance": 12,
        "bearingX": 1,
        "bearingY": 11,
        "codePoint": 128,
        "data": "z7ybm5ubm5u/x6iqCgAAAAANraObK5cAAAAAniiXmwBYagAAclQAl5sAAIs3PogAAJebAAAFqaoEAACXmwAAA6WmAwAAl5sAAIU6QYIAAJebAFNsAAB1TgCXmyeYAAAAAJ8kl6apCwAAAAAOq6HPupeXl5eXl73H",
        "height": 12,
        "width": 10
    },
    "": {
        "advance": 12,
        "bearingX": 1,
        "bearingY": 11,
        "codePoint": 129,
        "data": "z7ybm5ubm5u/x6iqCgAAAAANraObK5cAAAAAniiXmwBYagAAclQAl5sAAIs3PogAAJebAAAFqaoEAACXmwAAA6WmAwAAl5sAAIU6QYIAAJebAFNsAAB1TgCXmyeYAAAAAJ8kl6apCwAAAAAOq6HPupeXl5eXl73H",
        "height": 12,
        "width": 10
    },
    "": {
        "advance": 12,
        "bearingX": 1,
        "bearingY": 11,
        "codePoint": 130,
        "data": "z7ybm5ubm5u/x6iqCgAAAAANraObK5cAAAAAniiXmwBYagAAclQAl5sAAIs3PogAAJebAAAFqaoEAACXmwAAA6WmAwAAl5sAAIU6QYIAAJebAFNsAAB1TgCXmyeYAAAAAJ8kl6apCwAAAAAOq6HPupeXl5eXl73H",
        "height": 12,
        "width": 10
    },
    "": {
        "advance": 12,
        "bearingX": 1,
        "bearingY": 11,
        "codePoint": 131,
        "data": "z7ybm5ubm5u/x6iqCgAAAAANraObK5cAAAAAniiXmwBYagAAclQAl5sAAIs3PogAAJebAAAFqaoEAACXmwAAA6WmAwAAl5sAAIU6QYIAAJebAFNsAAB1TgCXmyeYAAAAAJ8kl6apCwAAAAAOq6HPupeXl5eXl73H",
        "height": 12,
        "width": 10
    },
    "": {
        "advance": 12,
        "bearingX": 1,
        "bearingY": 11,
        "codePoint": 132,
        "data": "z7ybm5ubm5u/x6iqCgAAAAANraObK5cAAAAAniiXmwBYagAAclQAl5sAAIs3PogAAJebAAAFqaoEAACXmwAAA6WmAwAAl5sAAIU6QYIAAJebAFNsAAB1TgCXmyeYAAAAAJ8kl6apCwAAAAAOq6HPupeXl5eXl73H",
        "height": 12,
        "width": 10
    },
    "": {
        "advance": 12,
        "bearingX": 1,
        "bearingY": 11,
        "codePoint": 133,
        "data": "z7ybm5ubm5u/x6iqCgAAAAANraObK5cAAAAAniiXmwBYagAAclQAl5sAAIs3PogAAJebAAAFqaoEAACXmwAAA6WmAwAAl5sAAIU6QYIAAJebAFNsAAB1TgCXmyeYAAAAAJ8kl6apCwAAAAAOq6HPupeXl5eXl73H",
        "height": 12,
        "width": 10
    },
    "": {
        "advance": 12,
        "bearingX": 1,
        "bearingY": 11,
        "codePoint": 134,
        "data": "z7ybm5ubm5u/x6iqCgAAAAANraObK5cAAAAAniiXmwBYagAAclQAl5sAAIs3PogAAJebAAAFqaoEAACXmwAAA6WmAwAAl5sAAIU6QYIAAJebAFNsAAB1TgCXmyeYAAAAAJ8kl6apCwAAAAAOq6HPupeXl5eXl73H",
        "height": 12,
        "width": 10
    },
    "": {
        "advance": 12,
        "bearingX": 1,
        "bearingY": 11,
        "codePoint": 135,
        "data": "z7ybm5ubm5u/x6iqCgAAAAANraObK5cAAAAAniiXmwBYagAAclQAl5sAAIs3PogAAJebAAAFqaoEAACXmwAAA6WmAwAAl5sAAIU6QYIAAJebAFNsAAB1TgCXmyeYAAAAAJ8kl6apCwAAAAAOq6HPupeXl5eXl73H",
        "height": 12,
        "width": 10
    },
    "": {
        "advance": 12,
        "bearingX": 1,
        "bearingY": 11,
        "codePoint": 136,
        "data": "z7ybm5ubm5u/x6iqCgAAAAANraObK5cAAAAAniiXmwBYagAAclQAl5sAAIs3PogAAJebAAAFqaoEAACXmwAAA6WmAwAAl5sAAIU6QYIAAJebAFNsAAB1TgCXmyeYAAAAAJ8kl6apCwAAAAAOq6HPupeXl5eXl73H",
        "height": 12,
        "width": 10
    },
    "": {
        "advance": 12,
        "bearingX": 1,
        "bearingY": 11,
        "codePoint": 137,
        "data": "z7ybm5ubm5u/x6iqCgAAAAANraObK5cAAAAAniiXmwBYagAAclQAl5sAAIs3PogAAJebAAAFqaoEAACXmwAAA6WmAwAAl5sAAIU6QYIAAJebAFNsAAB1TgCXmyeYAAAAAJ8kl6apCwAAAAAOq6HPupeXl5eXl73H",
        "height": 12,
        "width": 10
    },
    "": {
        "advance": 12,
        "bearingX": 1,
        "bearingY": 11,
        "codePoint": 138,
        "data": "z7ybm5ubm5u/x6iqCgAAAAANraObK5cAAAAAniiXmwBYagAAclQAl5sAAIs3PogAAJebAAAFqaoEAACXmwAAA6WmAwAAl5sAAIU6QYIAAJebAFNsAAB1TgCXmyeYAAAAAJ8kl6apCwAAAAAOq6HPupeXl5eXl73H",
        "height": 12,
        "width": 10
    },
    "": {
        "advance": 12,
        "bearingX": 1,
        "bearingY": 11,
        "codePoint": 139,
        "data": "z7ybm5ubm5u/x6iqCgAAAAANraObK5cAAAAAniiXmwBYagAAclQAl5sAAIs3PogAAJebAAAFqaoEAACXmwAAA6WmAwAAl5sAAIU6QYIAAJebAFNsAAB1TgCXmyeYAAAAAJ8kl6apCwAAAAAOq6HPupeXl5eXl73H",
        "height": 12,
        "width": 10
    },
    "": {
        "advance": 12,
        "bearingX": 1,
        "bearingY": 11,
        "codePoint": 140,
        "data": "z7ybm5ubm5u/x6iqCgAAAAANraObK5cAAAAAniiXmwBYagAAclQAl5sAAIs3PogAAJebAAAFqaoEAACXmwAAA6WmAwAAl5sAAIU6QYIAAJebAFNsAAB1TgCXmyeYAAAAAJ8kl6apCwAAAAAOq6HPupeXl5eXl73H",
        "height": 12,
        "width": 10
    },
    "": {
        "advance": 12,
        "bearingX": 1,
        "bearingY": 11,
        "codePoint": 141,
        "data": "z7ybm5ubm5u/x6iqCgAAAAANraObK5cAAAAAniiXmwBYagAAclQAl5sAAIs3PogAAJebAAAFqaoEAACXmwAAA6WmAwAAl5sAAIU6QYIAAJebAFNsAAB1TgCXmyeYAAAAAJ8kl6apCwAAAAAOq6HPupeXl5eXl73H",
        "height": 12,
        "width": 10
    },
    "": {
        "advance": 12,
        "bearingX": 1,
        "bearingY": 11,
        "codePoint": 142,
        "data": "z7ybm5ubm5u/x6iqCgAAAAANraObK5cAAAAAniiXmwBYagAAclQAl5sAAIs3PogAAJebAAAFqaoEAACXmwAAA6WmAwAAl5sAAIU6QYIAAJebAFNsAAB1TgCXmyeYAAAAAJ8kl6apCwAAAAAOq6HPupeXl5eXl73H",
        "height": 12,
        "width": 10
    },
    "": {
        "advance": 12,
        "bearingX": 1,
        "bearingY": 11,
        "codePoint": 143,
        "data": "z7ybm5ubm5u/x6iqCgAAAAANraObK5cAAAAAniiXmwBYagAAclQAl5sAAIs3PogAAJebAAAFqaoEAACXmwAAA6WmAwAAl5sAAIU6QYIAAJebAFNsAAB1TgCXmyeYAAAAAJ8kl6apCwAAAAAOq6HPupeXl5eXl73H",
        "height": 12,
        "width": 10
    },
    "": {
        "advance": 12,
        "bearingX": 1,
        "bearingY": 11,
        "codePoint": 144,
        "data": "z7ybm5ubm5u/x6iqCgAAAAANraObK5cAAAAAniiXmwBYagAAclQAl5sAAIs3PogAAJebAAAFqaoEAACXmwAAA6WmAwAAl5sAAIU6QYIAAJebAFNsAAB1TgCXmyeYAAAAAJ8kl6apCwAAAAAOq6HPupeXl5eXl73H",
        "height": 12,
        "width": 10
    },
    "": {
        "advance": 12,
        "bearingX": 1,
        "bearingY": 11,
        "codePoint": 145,
        "data": "z7ybm5ubm5u/x6iqCgAAAAANraObK5cAAAAAniiXmwBYagAAclQAl5sAAIs3PogAAJebAAAFqaoEAACXmwAAA6WmAwAAl5sAAIU6QYIAAJebAFNsAAB1TgCXmyeYAAAAAJ8kl6apCwAAAAAOq6HPupeXl5eXl73H",
        "height": 12,
        "width": 10
    },
    "": {
        "advance": 12,
        "bearingX": 1,
        "bearingY": 11,
        "codePoint": 146,
        "data": "z7ybm5ubm5u/x6iqCgAAAAANraObK5cAAAAAniiXmwBYagAAclQAl5sAAIs3PogAAJebAAAFqaoEAACXmwAAA6WmAwAAl5sAAIU6QYIAAJebAFNsAAB1TgCXmyeYAAAAAJ8kl6apCwAAAAAOq6HPupeXl5eXl73H",
        "height": 12,
        "width": 10
    },
    "": {
        "advance": 12,
        "bearingX": 1,
        "bearingY": 11,
        "codePoint": 147,
        "data": "z7ybm5ubm5u/x6iqCgAAAAANraObK5cAAAAAniiXmwBYagAAclQAl5sAAIs3PogAAJebAAAFqaoEAACXmwAAA6WmAwAAl5sAAIU6QYIAAJebAFNsAAB1TgCXmyeYAAAAAJ8kl6apCwAAAAAOq6HPupeXl5eXl73H",
        "height": 12,
        "width": 10
    },
    "": {
        "advance": 12,
        "bearingX": 1,
        "bearingY": 11,
        "codePoint": 148,
        "data": "z7ybm5ubm5u/x6iqCgAAAAANraObK5cAAAAAniiXmwBYagAAclQAl5sAAIs3PogAAJebAAAFqaoEAACXmwAAA6WmAwAAl5sAAIU6QYIAAJebAFNsAAB1TgCXmyeYAAAAAJ8kl6apCwAAAAAOq6HPupeXl5eXl73H",
        "height": 12,
        "width": 10
    },
    "": {
        "advance": 12,
        "bearingX": 1,
        "bearingY": 11,
        "codePoint": 149,
        "data": "z7ybm5ubm5u/x6iqCgAAAAANraObK5cAAAAAniiXmwBYagAAclQAl5sAAIs3PogAAJebAAAFqaoEAACXmwAAA6WmAwAAl5sAAIU6QYIAAJebAFNsAAB1TgCXmyeYAAAAAJ8kl6apCwAAAAAOq6HPupeXl5eXl73H",
        "height": 12,
        "width": 10
    },
    "": {
        "advance": 12,
        "bearingX": 1,
        "bearingY": 11,
        "codePoint": 150,
        "data": "z7ybm5ubm5u/x6iqCgAAAAANraObK5cAAAAAniiXmwBYagAAclQAl5sAAIs3PogAAJebAAAFqaoEAACXmwAAA6WmAwAAl5sAAIU6QYIAAJebAFNsAAB1TgCXmyeYAAAAAJ8kl6apCwAAAAAOq6HPupeXl5eXl73H",
        "height": 12,
        "width": 10
    },
    "": {
        "advance": 12,
        "bearingX": 1,
        "bearingY": 11,
        "codePoint": 151,
        "data": "z7ybm5ubm5u/x6iqCgAAAAANraObK5cAAAAAniiXmwBYagAAclQAl5sAAIs3PogAAJebAAAFqaoEAACXmwAAA6WmAwAAl5sAAIU6QYIAAJebAFNsAAB1TgCXmyeYAAAAAJ8kl6apCwAAAAAOq6HPupeXl5eXl73H",
        "height": 12,
        "width": 10
    },
    "": {
        "advance": 12,
        "bearingX": 1,
        "bearingY": 11,
        "codePoint": 152,
        "data": "z7ybm5ubm5u/x6iqCgAAAAANraObK5cAAAAAniiXmwBYagAAclQAl5sAAIs3PogAAJebAAAFqaoEAACXmwAAA6WmAwAAl5sAAIU6QYIAAJebAFNsAAB1TgCXmyeYAAAAAJ8kl6apCwAAAAAOq6HPupeXl5eXl73H",
        "height": 12,
        "width": 10
    },
    "": {
        "advance": 12,
        "bearingX": 1,
        "bearingY": 11,
        "codePoint": 153,
        "data": "z7ybm5ubm5u/x6iqCgAAAAANraObK5cAAAAAniiXmwBYagAAclQAl5sAAIs3PogAAJebAAAFqaoEAACXmwAAA6WmAwAAl5sAAIU6QYIAAJebAFNsAAB1TgCXmyeYAAAAAJ8kl6apCwAAAAAOq6HPupeXl5eXl73H",
        "height": 12,
        "width": 10
    },
    "": {
        "advance": 12,
        "bearingX": 1,
        "bearingY": 11,
        "codePoint": 154,
        "data": "z7ybm5ubm5u/x6iqCgAAAAANraObK5cAAAAAniiXmwBYagAAclQAl5sAAIs3PogAAJebAAAFqaoEAACXmwAAA6WmAwAAl5sAAIU6QYIAAJebAFNsAAB1TgCXmyeYAAAAAJ8kl6apCwAAAAAOq6HPupeXl5eXl73H",
        "height": 12,
        "width": 10
    },
    "": {
        "advance": 12,
        "bearingX": 1,
        "bearingY": 11,
        "codePoint": 155,
        "data": "z7ybm5ubm5u/x6iqCgAAAAANraObK5cAAAAAniiXmwBYagAAclQAl5sAAIs3PogAAJebAAAFqaoEAACXmwAAA6WmAwAAl5sAAIU6QYIAAJebAFNsAAB1TgCXmyeYAAAAAJ8kl6apCwAAAAAOq6HPupeXl5eXl73H",
        "height": 12,
        "width": 10
    },
    "": {
        "advance": 12,
        "bearingX": 1,
        "bearingY": 11,
        "codePoint": 156,
        "data": "z7ybm5ubm5u/x6iqCgAAAAANraObK5cAAAAAniiXmwBYagAAclQAl5sAAIs3PogAAJebAAAFqaoEAACXmwAAA6WmAwAAl5sAAIU6QYIAAJebAFNsAAB1TgCXmyeYAAAAAJ8kl6apCwAAAAAOq6HPupeXl5eXl73H",
        "height": 12,
        "width": 10
    },
    "": {
        "advance": 12,
        "bearingX": 1,
        "bearingY": 11,
        "codePoint": 157,
        "data": "z7ybm5ubm5u/x6iqCgAAAAANraObK5cAAAAAniiXmwBYagAAclQAl5sAAIs3PogAAJebAAAFqaoEAACXmwAAA6WmAwAAl5sAAIU6QYIAAJebAFNsAAB1TgCXmyeYAAAAAJ8kl6apCwAAAAAOq6HPupeXl5eXl73H",
        "height": 12,
        "width": 10
    },
    "": {
        "advance": 12,
        "bearingX": 1,
        "bearingY": 11,
        "codePoint": 158,
        "data": "z7ybm5ubm5u/x6iqCgAAAAANraObK5cAAAAAniiXmwBYagAAclQAl5sAAIs3PogAAJebAAAFqaoEAACXmwAAA6WmAwAAl5sAAIU6QYIAAJebAFNsAAB1TgCXmyeYAAAAAJ8kl6apCwAAAAAOq6HPupeXl5eXl73H",
        "height": 12,
        "width": 10
    },
    "": {
        "advance": 12,
        "bearingX": 1,
        "bearingY": 11,
        "codePoint": 159,
        "data": "z7ybm5ubm5u/x6iqCgAAAAANraObK5cAAAAAniiXmwBYagAAclQAl5sAAIs3PogAAJebAAAFqaoEAACXmwAAA6WmAwAAl5sAAIU6QYIAAJebAFNsAAB1TgCXmyeYAAAAAJ8kl6apCwAAAAAOq6HPupeXl5eXl73H",
        "height": 12,
        "width": 10
    },
    " ": {
        "advance": 3,
        "bearingX": 0,
        "bearingY": 0,
        "codePoint": 160,
        "height": 0,
        "width": 0
    },
    "¡": {
        "advance": 4,
        "bearingX": 1,
        "bearingY": 7,
        "codePoint": 161,
        "data": "hdoUvP8rDiwATqMAbtkAfegAi/YAmf8FpP8PMksG",
        "height": 10,
        "width": 3
    },
    "¢": {
        "advance": 7,
        "bearingX": 0,
        "bearingY": 9,
        "codePoint": 162,
        "data": "AAAAT68AAAAAP7XnfwwAaP756+EaBfLcY68DACT/lU+vAAAP/75QrwAAALD/0tGwGAAPovX/yywAAABQsQAAAAAAHUEAAA==",
        "height": 10,
        "width": 7
    },
    "£": {
        "advance": 7,
        "bearingX": 0,
        "bearingY": 9,
        "codePoint": 163,
        "data": "AABf2++uFwA0/tqE0TkAdf9NAAEAAFr/SwAAAET8////cwAHHO+rGwwAACb/fQAAABTH/4t7e0lX//////+X",
        "height": 9,
        "width": 7
    },
    "¤": {
        "advance": 7,
        "bearingX": 0,
        "bearingY": 8,
        "codePoint": 164,
        "data": "P4olOBOJTUT6/////U8R/K4dov8ZRf9RAEL/UBD7rRyg/hhM+/b/9/1XNnYGLwdvPw==",
        "height": 7,
        "width": 7
    },
    "¥": {
        "advance": 7,
        "bearingX": 0,
        "bearingY": 9,
        "codePoint": 165,
        "data": "iPMyABvxlhr3mwB/+yMAkfQR450AABn3s/shAGjf+f/633YAAFv/YwAAaN/r/+zfdgAAW/9jAAAAAFv/YwAA",
        "height": 9,
        "width": 7
    },
    "¦": {
        "advance": 4,
        "bearingX": 1,
        "bearingY": 10,
        "codePoint": 166,
        "data": "z1fPV89Xz1fPV89XCQR7NM9Xz1fPV89Xz1d+NQ==",
        "height": 14,
        "width": 2
    },
    "§": {
        "advance": 12,
        "bearingX": 2,
        "bearingY": 11,
        "codePoint": 167,
        "data": "AAAABxEAAAAAB6b9/95DAABr/0YMOxgAAHL/hA8AAAAAQv7/8YIQAADegzmn/7oABPiyEgCF+AEAg/7xl7i/AAAALqf6/1YAAAAAACr6pQAAS2YvXf6BAABU1/fokgcA",
        "height": 12,
        "width": 8
    },
    "¨": {
        "advance": 8,
        "bearingX": 1,
        "bearingY": 10,
        "codePoint": 168,
        "data": "PqkHVpoAX+ISf9QD",
        "height": 2,
        "width": 6
    },
    "©": {
        "advance": 10,
        "bearingX": 0,
        "bearingY": 9,
        "codePoint": 169,
        "data": "AAAprMTEtzsAAABAyCwABBu1YgAF0hxa6PiaCc0ZMKUg+nEgPAB6VlODT/0IAAAAWHstpyP8bR09AH1TBM8fY+z6pArOFQA6yCoABRi2WgAAACWpvb20OAAA",
        "height": 9,
        "width": 10
    },
    "ª": {
        "advance": 5,
        "bearingX": 0,
        "bearingY": 10,
        "codePoint": 170,
        "data": "LcnxpwALTEX/LyfUw/9Dg8Eu/0My2L/FOg==",
        "height": 5,
        "width": 5
    },
    "«": {
        "advance": 6,
        "bearingX": 0,
        "bearingY": 6,
        "codePoint": 171,
        "data": "ABq8BYVZEdN0cdsNW9AB50MAKu9AqLAAAEDZDL1dAAATAAwH",
        "height": 6,
        "width": 6
    },
    "¬": {
        "advance": 7,
        "bearingX": 0,
        "bearingY": 5,
        "codePoint": 172,
        "data": "i///////lyI/Pz8/yZcAAAAAALeXAAAAAACVew==",
        "height": 4,
        "width": 7
    },
    "­": {
        "advance": 7,
        "bearingX": 0,
        "bearingY": 5,
        "codePoint": 173,
        "data": "i///////lyI/Pz8/PyU=",
        "height": 2,
        "width": 7
    },
    "®": {
        "advance": 6,
        "bearingX": 0,
        "bearingY": 10,
        "codePoint": 174,
        "data": "AGijoX4AQIGLcWZeiCW3qh+mdjvdyTCVF7AvIa8rAB2DiSoA",
        "height": 6,
        "width": 6
    },
    "¯": {
        "advance": 8,
        "bearingX": 1,
        "bearingY": 10,
        "codePoint": 175,
        "data": "Bh8fHxYz////sw==",
        "height": 2,
        "width": 5
    },
    "°": {
        "advance": 5,
        "bearingX": 0,
        "bearingY": 9,
        "codePoint": 176,
        "data": "CLPrmABgqgfNOFm3G9cxBJnXfgA=",
        "height": 4,
        "width": 5
    },
    "±": {
        "advance": 12,
        "bearingX": 1,
        "bearingY": 11,
        "codePoint": 177,
        "data": "AAAAAFxXAAAAAAAAAACflwAAAAAAAAAAn5cAAAAADTMzM7OtMzMzDEP//////////z8AAAAAn5cAAAAAAAAAAJ+XAAAAAAAAAACflwAAAAAAAAAATUkAAAAADjc3Nzc3Nzc3E0P//////////1c=",
        "height": 11,
        "width": 10
    },
    "²": {
        "advance": 5,
        "bearingX": 0,
        "bearingY": 11,
        "codePoint": 178,
        "data": "HsDpkgE6eVH/NgAAG/4ZAAGqtQABmfEtCVX///97",
        "height": 6,
        "width": 5
    },
    "³": {
        "advance": 5,
        "bearingX": 0,
        "bearingY": 11,
        "codePoint": 179,
        "data": "F7brqAsITCj/OwAe5M4DAAAs8VRAjh3ubh2+7agP",
        "height": 6,
        "width": 5
    },
    "´": {
        "advance": 8,
        "bearingX": 2,
        "bearingY": 11,
        "codePoint": 180,
        "data": "AABzeQAATP3ABwHUqQcAABYBAAA=",
        "height": 4,
        "width": 5
    },
    "µ": {
        "advance": 8,
        "bearingX": 0,
        "bearingY": 7,
        "codePoint": 181,
        "data": "D/+vAAv/swAP/68AC/+sAA//rwAL/6UAD/+vAAv/nwAP/8QAIv+aAA//+Y3T/NhHD//l8otq66IP/5oAAAAAAA//pwAAAAAAAz8tAAAAAAA=",
        "height": 10,
        "width": 8
    },
    "¶": {
        "advance": 12,
        "bearingX": 2,
        "bearingY": 11,
        "codePoint": 182,
        "data": "AAAAABEUAQAUoO3//4MAu///a5uDFf///2ubgxn///9rm4MA0///a5uDACnL/mubgwAAALNrm4MAAACza5uDAAAAs2ubgwAAALNrm4MAAAB4SGhY",
        "height": 12,
        "width": 7
    },
    "·": {
        "advance": 7,
        "bearingX": 2,
        "bearingY": 6,
        "codePoint": 183,
        "data": "ATACbv92SOVO",
        "height": 3,
        "width": 3
    },
    "¸": {
        "advance": 8,
        "bearingX": 2,
        "bearingY": 0,
        "codePoint": 184,
        "data": "COUuABKd1gB0zHoA",
        "height": 3,
        "width": 4
    },
    "¹": {
        "advance": 5,
        "bearingX": 1,
        "bearingY": 11,
        "codePoint": 185,
        "data": "AUs32P+TALuTALuTALuTAK2I",
        "height": 6,
        "width": 3
    },
    "º": {
        "advance": 5,
        "bearingX": 0,
        "bearingY": 10,
        "codePoint": 186,
        "data": "Cavvrgtz3SjbeZ2sAKmlddwn2nwLsPS0DQ==",
        "height": 5,
        "width": 5
    },
    "»": {
        "advance": 6,
        "bearingX": 0,
        "bearingY": 6,
        "codePoint": 187,
        "data": "FrsNi1EAAJW+Mu5BAAfnO36vAF7kJd1wFeEqkowAABMAEgEA",
        "height": 6,
        "width": 6
    },
    "¼": {
        "advance": 11,
        "bearingX": 0,
        "bearingY": 9,
        "codePoint": 188,
        "data": "Jav+LwAAC+IhAAAfd/8vAAB9kQAAAAAf/y8AFOQVAAAAAB//LwCPfgAAAAAAH/8vH+IME+vnAAATnx2hbACfpecAAAAALNoFP9ZX6hMAAACzWQCW3+f8mQAAO84BAAAAP+cA",
        "height": 9,
        "width": 11
    },
    "½": {
        "advance": 11,
        "bearingX": 0,
        "bearingY": 9,
        "codePoint": 189,
        "data": "Jav+LwAALtgEAAAfd/8vAAC2VQAAAAAf/y8AP8sBAAAAAB//LwDISJjssxkAH/8vUrkTljPneQAABwXWMgAAANNbAAAAZKYAAABl6Q8AAAnfIwAAVvxhEgAAd5QAABH7///D",
        "height": 9,
        "width": 11
    },
    "¾": {
        "advance": 11,
        "bearingX": 0,
        "bearingY": 9,
        "codePoint": 190,
        "data": "HLzuqAkAAJRzAAAKSzP/MwAj3QgAAAAl6MMBAKdhAAAAAAEz+EUy1AMAAABDfR3xZLpPBtX/CyTE7aVQxgB7ov8LAAAAAcs9I+FD/yEAAABWtAB23+P/ugAABNguAAAAH/8L",
        "height": 9,
        "width": 11
    },
    "¿": {
        "advance": 6,
        "bearingX": 0,
        "bearingY": 7,
        "codePoint": 191,
        "data": "AAB+3RwAAAC0/zcAAAAMLgAAAABUkgEAAADC5AAAAGD/bgAAGPS8AQAAWv9eAAUAP//QgeJFAIHq55kM",
        "height": 10,
        "width": 6
    },
    "À": {
        "advance": 8,
        "bearingX": -1,
        "bearingY": 13,
        "codePoint": 192,
        "data": "AAAACAAAAAAAAAAd41wAAAAAAAALlP5qAAAAAAAAAEAeAAAAAAAAYP/5DgAAAAAAsdn/WQAAAAAL93PcqgAAAABT/yyT8wgAAACk5ABJ/00AAAXv/////54AAEb/kGNjzewDAJf/GQAAfP9BAebdAAAAPv+S",
        "height": 13,
        "width": 9
    },
    "Á": {
        "advance": 8,
        "bearingX": -1,
        "bearingY": 13,
        "codePoint": 193,
        "data": "AAAAAAACBgAAAAAAAA20nQAAAAAABtDnTgAAAAAAAE0SAAAAAAAAYP/5DgAAAAAAsdn/WQAAAAAL93PcqgAAAABT/yyT8wgAAACk5ABJ/00AAAXv/////54AAEb/kGNjzewDAJf/GQAAfP9BAebdAAAAPv+S",
        "height": 13,
        "width": 9
    },
    "Â": {
        "advance": 8,
        "bearingX": -1,
        "bearingY": 12,
        "codePoint": 194,
        "data": "AAAAYs/EFgAAAAAt8E2nvQAAAAAELQADLgAAAAAAYP/5DgAAAAAAsdn/WQAAAAAL93PcqgAAAABT/yyT8wgAAACk5ABJ/00AAAXv/////54AAEb/kGNjzewDAJf/GQAAfP9BAebdAAAAPv+S",
        "height": 12,
        "width": 9
    },
    "Ã": {
        "advance": 8,
        "bearingX": -1,
        "bearingY": 12,
        "codePoint": 195,
        "data": "AABI7Ls1mjoAAAC9oq//7BsAAAAMCgAgCAAAAAAAYP/5DgAAAAAAsdn/WQAAAAAL93PcqgAAAABT/yyT8wgAAACk5ABJ/00AAAXv/////54AAEb/kGNjzewDAJf/GQAAfP9BAebdAAAAPv+S",
        "height": 12,
        "width": 9
    },
    "Ä": {
        "advance": 8,
        "bearingX": -1,
        "bearingY": 12,
        "codePoint": 196,
        "data": "AAA4ngU+mQIAAABd4xBl3goAAAAAAAAAAAAAAAAAYP/5DgAAAAAAsdn/WQAAAAAL93PcqgAAAABT/yyT8wgAAACk5ABJ/00AAAXv/////54AAEb/kGNjzewDAJf/GQAAfP9BAebdAAAAPv+S",
        "height": 12,
        "width": 9
    },
    "Å": {
        "advance": 8,
        "bearingX": -1,
        "bearingY": 12,
        "codePoint": 197,
        "data": "AAAAVbGyEAAAAAAAVrGzEAAAAAAAAAAAAAAAAAAAYP/5DgAAAAAAsdn/WQAAAAAL93PcqgAAAABT/yyT8wgAAACk5ABJ/00AAAXv/////54AAEb/kGNjzewDAJf/GQAAfP9BAebdAAAAPv+S",
        "height": 12,
        "width": 9
    },
    "Æ": {
        "advance": 11,
        "bearingX": -1,
        "bearingY": 9,
        "codePoint": 198,
        "data": "AAAAABLz//////+TAAAAAIH/3P+Ee3tHAAAADe64r/8PAAAAAAAAd/9Er/+Ee3sBAAAJ6doAr/////8DAABt/7hfzf8PAAAAAAXi//////8PAAAAAGP/hQAAr/+Ee3tXA9vwEQAAr/////+z",
        "height": 9,
        "width": 12
    },
    "Ç": {
        "advance": 8,
        "bearingX": 0,
        "bearingY": 9,
        "codePoint": 199,
        "data": "AAA7ve/UeAIATv3rm7bsHwXi8h4AABIALP+bAAAAAABR/3wAAAAAADj/lQAAAAAADO/qEQAAGwAAbP/chaP5QAAAXM7+6IoGAAAAHPYlAAAAAAAMl9cAAAAAAILNaQAA",
        "height": 12,
        "width": 8
    },
    "È": {
        "advance": 7,
        "bearingX": 1,
        "bearingY": 13,
        "codePoint": 200,
        "data": "AAgAAAAAEdpzAAAABoT7hgAAAAA0LAAA6/////+H6+17e3tB69sAAAAA6+17e3oA6/////sA69sAAAAA69sAAAAA6+17e3tR6/////+n",
        "height": 13,
        "width": 6
    },
    "É": {
        "advance": 7,
        "bearingX": 1,
        "bearingY": 13,
        "codePoint": 201,
        "data": "AAAAAAgAAAAGobcDAAC78GIAAABDHAAA6/////+H6+17e3tB69sAAAAA6+17e3oA6/////sA69sAAAAA69sAAAAA6+17e3tR6/////+n",
        "height": 13,
        "width": 6
    },
    "Ê": {
        "advance": 7,
        "bearingX": 1,
        "bearingY": 12,
        "codePoint": 202,
        "data": "AE7PzCYAG+1gkNIEATAAADEA6/////+H6+17e3tB69sAAAAA6+17e3oA6/////sA69sAAAAA69sAAAAA6+17e3tR6/////+n",
        "height": 12,
        "width": 6
    },
    "Ë": {
        "advance": 7,
        "bearingX": 1,
        "bearingY": 12,
        "codePoint": 203,
        "data": "KKESLaAMReckTOUcAAAAAAAA6/////+H6+17e3tB69sAAAAA6+17e3oA6/////sA69sAAAAA69sAAAAA6+17e3tR6/////+n",
        "height": 12,
        "width": 6
    },
    "Ì": {
        "advance": 4,
        "bearingX": -1,
        "bearingY": 13,
        "codePoint": 204,
        "data": "AAgAAArPhAEDdviaAAApNQAA69sAAOvbAADr2wAA69sAAOvbAADr2wAA69sAAOvbAADr2w==",
        "height": 13,
        "width": 4
    },
    "Í": {
        "advance": 4,
        "bearingX": 1,
        "bearingY": 13,
        "codePoint": 205,
        "data": "AAAIAAOQxQan9W0BPCMAAOvbAADr2wAA69sAAOvbAADr2wAA69sAAOvbAADr2wAA69sAAA==",
        "height": 13,
        "width": 4
    },
    "Î": {
        "advance": 4,
        "bearingX": -1,
        "bearingY": 12,
        "codePoint": 206,
        "data": "ADzPzjEAEuZvfd0JADEAADAAAADr2wAAAADr2wAAAADr2wAAAADr2wAAAADr2wAAAADr2wAAAADr2wAAAADr2wAAAADr2wAA",
        "height": 12,
        "width": 6
    },
    "Ï": {
        "advance": 4,
        "bearingX": -1,
        "bearingY": 12,
        "codePoint": 207,
        "data": "HaIbJKEVNecxP+coAAAAAAAAAADr2wAAAADr2wAAAADr2wAAAADr2wAAAADr2wAAAADr2wAAAADr2wAAAADr2wAAAADr2wAA",
        "height": 12,
        "width": 6
    },
    "Ð": {
        "advance": 9,
        "bearingX": 0,
        "bearingY": 9,
        "codePoint": 208,
        "data": "AJP//+a7PQAAAJP/iYzt/04AAJP/LwAk+d8AAJP/LwAAuP8VhfL/6dwAnP81AJP/LwAAtP8ZAJP/LwAg9uMAAJP/iYrr/1EAAJP//+q9PwAA",
        "height": 9,
        "width": 9
    },
    "Ñ": {
        "advance": 9,
        "bearingX": 1,
        "bearingY": 12,
        "codePoint": 209,
        "data": "AIbtmTKtCAj8etn/uwAAFQEBJgAA6/0qAADP3+v/sAAAz9/r1v85AM/f66LPwQDO3+uzU/9Kvt/rwgDKxazf68MAQv/V3+vDAAC5/9/rwwAAMv7f",
        "height": 12,
        "width": 7
    },
    "Ò": {
        "advance": 9,
        "bearingX": 0,
        "bearingY": 13,
        "codePoint": 210,
        "data": "AAAAAAAAAAAAAAAkwiAAAAAAAAAx2Oo1AAAAAAAACIEaAAAAAABXyfLTegMAAGv/35fM/6IAC+/pEQADwP8yNf+UAAAAXf9sUv97AAAARP+JM/+XAAAAYP9qCevsFAAExP4uAGT/4ZfN/5wAAABTyPPTdwIA",
        "height": 13,
        "width": 9
    },
    "Ó": {
        "advance": 9,
        "bearingX": 0,
        "bearingY": 13,
        "codePoint": 211,
        "data": "AAAAAAAAAAAAAAAAAAyvTgAAAAAAF9DuVgAAAAAABoUYAAAAAABXyfLTegMAAGv/35fM/6IAC+/pEQADwP8yNf+UAAAAXf9sUv97AAAARP+JM/+XAAAAYP9qCevsFAAExP4uAGT/4ZfN/5wAAABTyPPTdwIA",
        "height": 13,
        "width": 9
    },
    "Ô": {
        "advance": 9,
        "bearingX": 0,
        "bearingY": 11,
        "codePoint": 212,
        "data": "AAAKxPHlIQAAAABDgghhawAAAABXyfLTegMAAGv/35fM/6IAC+/pEQADwP8yNf+UAAAAXf9sUv97AAAARP+JM/+XAAAAYP9qCevsFAAExP4uAGT/4ZfN/5wAAABTyPPTdwIA",
        "height": 11,
        "width": 9
    },
    "Õ": {
        "advance": 9,
        "bearingX": 0,
        "bearingY": 12,
        "codePoint": 213,
        "data": "AAAAIgYQrRoAAACQ+d3t0wUAAAB+KwIqAgAAAABXyfLTegMAAGv/35fM/6IAC+/pEQADwP8yNf+UAAAAXf9sUv97AAAARP+JM/+XAAAAYP9qCevsFAAExP4uAGT/4ZfN/5wAAABTyPPTdwIA",
        "height": 12,
        "width": 9
    },
    "Ö": {
        "advance": 9,
        "bearingX": 0,
        "bearingY": 12,
        "codePoint": 214,
        "data": "AABVhQBgfAAAAACGyACVvAAAAAAAAAAAAAAAAABXyfLTegMAAGv/35fM/6IAC+/pEQADwP8yNf+UAAAAXf9sUv97AAAARP+JM/+XAAAAYP9qCevsFAAExP4uAGT/4ZfN/5wAAABTyPPTdwIA",
        "height": 12,
        "width": 9
    },
    "×": {
        "advance": 12,
        "bearingX": 2,
        "bearingY": 9,
        "codePoint": 215,
        "data": "jGsAAAAAa49U+moAAGr7VgBU+mlq+lYAAABU+vtVAAAAAGn6+mkAAABp+lRV+moAafpVAABW+2t4VgAAAABXeg==",
        "height": 8,
        "width": 8
    },
    "Ø": {
        "advance": 9,
        "bearingX": 0,
        "bearingY": 10,
        "codePoint": 216,
        "data": "AAAAAAAAABULAABUyPPegMKRAGj/4ZfH//AQCu3sEwBo//81Mv+YAD/3of93Tv+BIOtyQP+ONP+v0p8AXP9uCOn/xQYEwf4xAKf/657L/6AAMfd6z/XUegMAACIAAAAAAAAA",
        "height": 11,
        "width": 9
    },
    "Ù": {
        "advance": 9,
        "bearingX": 1,
        "bearingY": 13,
        "codePoint": 217,
        "data": "AAAIAAAAAABa2ygAAAAAKcnwKgAAAAADWgIAAPfPAAAAx+v3zwAAAMfr988AAADH6/fPAAAAx+v3zwAAAMfr49sAAADV1sD6GAAW+LRV/9iS2P9KAGfY9tZiAA==",
        "height": 13,
        "width": 7
    },
    "Ú": {
        "advance": 9,
        "bearingX": 1,
        "bearingY": 13,
        "codePoint": 218,
        "data": "AAAAAAkAAAAAAC/gUQAAADL0wyQAAAAEWQIAAPfPAAAAx+v3zwAAAMfr988AAADH6/fPAAAAx+v3zwAAAMfr49sAAADV1sD6GAAW+LRV/9iS2P9KAGfY9tZiAA==",
        "height": 13,
        "width": 7
    },
    "Û": {
        "advance": 9,
        "bearingX": 1,
        "bearingY": 12,
        "codePoint": 219,
        "data": "AAGjz5gAAAB01zfdagAAGRcAGxUA988AAADH6/fPAAAAx+v3zwAAAMfr988AAADH6/fPAAAAx+vj2wAAANXWwPoYABb4tFX/2JLY/0oAZ9j21mIA",
        "height": 12,
        "width": 7
    },
    "Ü": {
        "advance": 9,
        "bearingX": 1,
        "bearingY": 12,
        "codePoint": 220,
        "data": "AG5tAHVlAACopwCxnAAAAAAAAAAA988AAADH6/fPAAAAx+v3zwAAAMfr988AAADH6/fPAAAAx+vj2wAAANXWwPoYABb4tFX/2JLY/0oAZ9j21mIA",
        "height": 12,
        "width": 7
    },
    "Ý": {
        "advance": 7,
        "bearingX": -1,
        "bearingY": 13,
        "codePoint": 221,
        "data": "AAAAAAAJAAAAAAAAADHiTgAAAAAANfXBIwAAAAAABVkBAAAAAdfyDAAO9MsAAGL/ZgBr/1MAAAblzADS2gIAAAB0/2j/ZAAAAAAN7/rmBwAAAAAAiv96AAAAAAAAa/9bAAAAAAAAa/9bAAAAAAAAa/9bAAAA",
        "height": 13,
        "width": 9
    },
    "Þ": {
        "advance": 8,
        "bearingX": 1,
        "bearingY": 9,
        "codePoint": 222,
        "data": "69sAAAAAAOvqY1s5AQDr/////84R69sAF47/c+vbAABD/4nr6mOA2f0/6///9ctTAOvbAAAAAADr2wAAAAAA",
        "height": 9,
        "width": 7
    },
    "ß": {
        "advance": 8,
        "bearingX": 0,
        "bearingY": 10,
        "codePoint": 223,
        "data": "ABSj6eucCAAAAK3/qar/eQAAAvjcAB7/lgAAD/+uAHX9OAAAD/+rBPKqAAAAD/+rAeHuSwAAD/+rADXc/3UAD/+rAAAI0+gAD/+rDJtg4NwAD/+rKsn10zwA",
        "height": 10,
        "width": 9
    },
    "à": {
        "advance": 7,
        "bearingX": 0,
        "bearingY": 12,
        "codePoint": 224,
        "data": "AAAIAAAAAABD4CAAAAAAOOvUDgAAAAAm1jsAAAAAAAIAAAAFa8rz1kUAAsedhvDqBwABCDbB/ysAd+/a2v87PP98AIj/O0//tnjs/zsEqPPEfv87",
        "height": 12,
        "width": 7
    },
    "á": {
        "advance": 7,
        "bearingX": 0,
        "bearingY": 12,
        "codePoint": 225,
        "data": "AAAAAAYBAAAAAACnngIAAAB//4kBAAAEyG0AAAAAAAIAAAAFa8rz1kUAAsedhvDqBwABCDbB/ysAd+/a2v87PP98AIj/O0//tnjs/zsEqPPEfv87",
        "height": 12,
        "width": 7
    },
    "â": {
        "advance": 7,
        "bearingX": 0,
        "bearingY": 11,
        "codePoint": 226,
        "data": "AAAIHxQAAAADtv/wKQAAcdYzltIBAAoLAAAVAAVryvPWRQACx52G8OoHAAEINsH/KwB379ra/zs8/3wAiP87T/+2eOz/OwSo88R+/zs=",
        "height": 11,
        "width": 7
    },
    "ã": {
        "advance": 7,
        "bearingX": 0,
        "bearingY": 10,
        "codePoint": 227,
        "data": "AEjhnCnJFQCul7L/0AAAAQEAIgwABWvK89ZFAALHnYbw6gcAAQg2wf8rAHfv2tr/Ozz/fACI/ztP/7Z47P87BKjzxH7/Ow==",
        "height": 10,
        "width": 7
    },
    "ä": {
        "advance": 7,
        "bearingX": 0,
        "bearingY": 10,
        "codePoint": 228,
        "data": "AEalA1+SAABq3guKzAAAAAAAAAAABWvK89ZFAALHnYbw6gcAAQg2wf8rAHfv2tr/Ozz/fACI/ztP/7Z47P87BKjzxH7/Ow==",
        "height": 10,
        "width": 7
    },
    "å": {
        "advance": 7,
        "bearingX": 0,
        "bearingY": 11,
        "codePoint": 229,
        "data": "AAA3kGcCAAAA4jbLRQAAAHy0uBAAAAAAAAAAAAVryvPWRQACx52G8OoHAAEINsH/KwB379ra/zs8/3wAiP87T/+2eOz/OwSo88R+/zs=",
        "height": 11,
        "width": 7
    },
    "æ": {
        "advance": 11,
        "bearingX": 0,
        "bearingY": 7,
        "codePoint": 230,
        "data": "AWTJ8bkhqu/BJAAAtqGD7PrZfeLHAAAADkK//1kTfv8SAH/03dj//////yQ3/48AZP9YAAAAAD//wXLb/OiEm3cAAZnz1WUnu/LacQA=",
        "height": 7,
        "width": 11
    },
    "ç": {
        "advance": 6,
        "bearingX": 0,
        "bearingY": 7,
        "codePoint": 231,
        "data": "ABmk6uN1BtH8mKdYSv+iAAAAcf9jAAAAVv+cAAAAC+b4hYaBACrB/eVwAAAP7zsAAAAIhusAAAByzngA",
        "height": 10,
        "width": 6
    },
    "è": {
        "advance": 7,
        "bearingX": 0,
        "bearingY": 12,
        "codePoint": 232,
        "data": "AAAIAAAAAABP3hoAAAAAQvHMCgAAAAAu2TIAAAAAAAIAAAAAHrLx00cABtfmfMP1F0z/gSdN/1lw//////9rUP96AAAAAAnb8Yp4nQAAIbDu5psL",
        "height": 12,
        "width": 7
    },
    "é": {
        "advance": 7,
        "bearingX": 0,
        "bearingY": 12,
        "codePoint": 233,
        "data": "AAAAAAcAAAAAAAK0jwAAAACM/3wAAAAIzmIAAAAAAAIAAAAAHrLx00cABtfmfMP1F0z/gSdN/1lw//////9rUP96AAAAAAnb8Yp4nQAAIbDu5psL",
        "height": 12,
        "width": 7
    },
    "ê": {
        "advance": 7,
        "bearingX": 0,
        "bearingY": 11,
        "codePoint": 234,
        "data": "AAAJHxIAAAAFv//rIgAAfc4uoMgAAA0HAAAWAAAesvHTRwAG1+Z8w/UXTP+BJ03/WXD//////2tQ/3oAAAAACdvxinidAAAhsO7mmws=",
        "height": 11,
        "width": 7
    },
    "ë": {
        "advance": 7,
        "bearingX": 0,
        "bearingY": 10,
        "codePoint": 235,
        "data": "AFCeAGiJAAB31wWWwQAAAAAAAAAAAB6y8dNHAAbX5nzD9RdM/4EnTf9ZcP//////a1D/egAAAAAJ2/GKeJ0AACGw7uabCw==",
        "height": 10,
        "width": 7
    },
    "ì": {
        "advance": 4,
        "bearingX": -1,
        "bearingY": 12,
        "codePoint": 236,
        "data": "AB4AAEb3UAASxPQvAAiiPQAAAAAAD/+vAA//rwAP/68AD/+vAA//rwAP/68AD/+v",
        "height": 12,
        "width": 4
    },
    "í": {
        "advance": 4,
        "bearingX": 0,
        "bearingY": 12,
        "codePoint": 237,
        "data": "AAALEwAAAa3SDACE/ncAAItdAAAAAAAAAA//rwAAD/+vAAAP/68AAA//rwAAD/+vAAAP/68AAA//rwAA",
        "height": 12,
        "width": 5
    },
    "î": {
        "advance": 4,
        "bearingX": -1,
        "bearingY": 11,
        "codePoint": 238,
        "data": "AAQfGAAAAJz/+0QAUNs6duIKAQgAAAkAAA//rwAAAA//rwAAAA//rwAAAA//rwAAAA//rwAAAA//rwAAAA//rwAA",
        "height": 11,
        "width": 6
    },
    "ï": {
        "advance": 4,
        "bearingX": -1,
        "bearingY": 10,
        "codePoint": 239,
        "data": "NKwPSaUDUeUebd4LAAAAAAAAAA//rwAAAA//rwAAAA//rwAAAA//rwAAAA//rwAAAA//rwAAAA//rwAA",
        "height": 10,
        "width": 6
    },
    "ð": {
        "advance": 8,
        "bearingX": 0,
        "bearingY": 11,
        "codePoint": 240,
        "data": "AAABAAAAAAAb2V4Sg2AAC5r/+oMPAGPfkf6IAAAZKEOq/TYAdPz/9P+YIvy6Hj7xxFb/UgAA1sxB/3cADPWmCNrxkL7/PAAjtvLUVgA=",
        "height": 11,
        "width": 7
    },
    "ñ": {
        "advance": 8,
        "bearingX": 0,
        "bearingY": 10,
        "codePoint": 241,
        "data": "AAbDyU+AagA/2Xbw/T4AAAAADSEAD/98nOzPJA///re4/5wP/70ADv7ED/+vAADzyw//rwAA88sP/68AAPPLD/+vAADzyw==",
        "height": 10,
        "width": 7
    },
    "ò": {
        "advance": 8,
        "bearingX": 0,
        "bearingY": 12,
        "codePoint": 242,
        "data": "AAAIAAAAAAA94igAAAAAM+jcEwAAAAAg00cAAAAAAAIAAAAAH7Dw2WUAB9j1iML/Wk3/kAAV/8hw/18AAOTsTv+NABT+yQna84O9/10AILHw2mgA",
        "height": 12,
        "width": 7
    },
    "ó": {
        "advance": 8,
        "bearingX": 0,
        "bearingY": 12,
        "codePoint": 243,
        "data": "AAAAAAUDAAAAAACcpwQAAABz/5QCAAABwHgAAAAAAAIAAAAAH7Dw2WUAB9j1iML/Wk3/kAAV/8hw/18AAOTsTv+NABT+yQna84O9/10AILHw2mgA",
        "height": 12,
        "width": 7
    },
    "ô": {
        "advance": 8,
        "bearingX": 0,
        "bearingY": 11,
        "codePoint": 244,
        "data": "AAAGHxYAAAABq//1MwAAZds2jd4FAAcNAAAWAAAfsPDZZQAH2PWIwv9aTf+QABX/yHD/XwAA5OxO/40AFP7JCdrzg73/XQAgsfDaaAA=",
        "height": 11,
        "width": 7
    },
    "õ": {
        "advance": 8,
        "bearingX": 0,
        "bearingY": 10,
        "codePoint": 245,
        "data": "AD3goirDHgCfnqv+2wAAAQIAIA0AAB+w8NllAAfY9YjC/1pN/5AAFf/IcP9fAADk7E7/jQAU/skJ2vODvf9dACCx8NpoAA==",
        "height": 10,
        "width": 7
    },
    "ö": {
        "advance": 8,
        "bearingX": 0,
        "bearingY": 10,
        "codePoint": 246,
        "data": "AD6pB1aaAABf4hJ/1AMAAAAAAAAAAB+w8NllAAfY9YjC/1pN/5AAFf/IcP9fAADk7E7/jQAU/skJ2vODvf9dACCx8NpoAA==",
        "height": 10,
        "width": 7
    },
    "÷": {
        "advance": 12,
        "bearingX": 1,
        "bearingY": 10,
        "codePoint": 247,
        "data": "AAAAAAIBAAAAAAAAAAHMxwAAAAAAAAAAvbcAAAAAAAAAAAAAAAAAAA43Nzc3Nzc3Nw1D//////////8/AAAAAAAAAAAAAAAAAAC7tAAAAAAAAAABz8oAAAAAAAAAAAMCAAAAAA==",
        "height": 10,
        "width": 10
    },
    "ø": {
        "advance": 8,
        "bearingX": 0,
        "bearingY": 8,
        "codePoint": 248,
        "data": "AAAAAAAABwAfsPDdnJ8H2O15xf9lTf99GNbwzHH/T8ZNy+1S/+N4CPbJB+T5fKz/XSbMtPPaaAAABwAAAAAA",
        "height": 9,
        "width": 7
    },
    "ù": {
        "advance": 8,
        "bearingX": 0,
        "bearingY": 12,
        "codePoint": 249,
        "data": "AAAeAAAAAABG+FEAAAAAEsT1MgAAAAAIoz8AAAAAAAAAAAAf/58AD/+zH/+fAA//sx//nwAP/7Mf/58AD/+zGf+2ACD/swPw9pja/LMAX+rbX86z",
        "height": 12,
        "width": 7
    },
    "ú": {
        "advance": 8,
        "bearingX": 0,
        "bearingY": 12,
        "codePoint": 250,
        "data": "AAAAAAkUAAAAAAGr1Q4AAACE/ngAAAAAjFwAAAAAAAAAAAAf/58AD/+zH/+fAA//sx//nwAP/7Mf/58AD/+zGf+2ACD/swPw9pja/LMAX+rbX86z",
        "height": 12,
        "width": 7
    },
    "û": {
        "advance": 8,
        "bearingX": 0,
        "bearingY": 11,
        "codePoint": 251,
        "data": "AAADHxgAAAAAmv/7RgAAT9s6c+MMAAEIAAAJAB//nwAP/7Mf/58AD/+zH/+fAA//sx//nwAP/7MZ/7YAIP+zA/D2mNr8swBf6ttfzrM=",
        "height": 11,
        "width": 7
    },
    "ü": {
        "advance": 8,
        "bearingX": 0,
        "bearingY": 10,
        "codePoint": 252,
        "data": "ADOsEUelAwBR5SBq3gsAAAAAAAAAH/+fAA//sx//nwAP/7Mf/58AD/+zH/+fAA//sxn/tgAg/7MD8PaY2vyzAF/q21/Osw==",
        "height": 10,
        "width": 7
    },
    "ý": {
        "advance": 7,
        "bearingX": 0,
        "bearingY": 12,
        "codePoint": 253,
        "data": "AAAAAB0BAAAAABbgmgAAAAfF70AAAAAOrisAAAAAAAAAAACo/hkAG/+OSv9oAGH/OwPnuQCn5wIAjPoP65cAAC7/ev9EAAAAz+/uBAAAAHD/oAAAAABf/0oAABB559QCAABJ+8goAAAA",
        "height": 15,
        "width": 7
    },
    "þ": {
        "advance": 8,
        "bearingX": 0,
        "bearingY": 10,
        "codePoint": 254,
        "data": "Cqt2AAAAAAAP/68AAAAAAA//rwAAAAAAD//KvvG4GwAP//6fm/+4AA//swAA2P8MD/+vAACu/yEP/68AANX6BA//84qn/5oAD//RzfCgDAAP/68AAAAAAA//rwAAAAAAD/+vAAAAAAA=",
        "height": 13,
        "width": 8
    },
    "ÿ": {
        "advance": 7,
        "bearingX": 0,
        "bearingY": 10,
        "codePoint": 255,
        "data": "AGWKAH5xAACSwgCyogAAAAAAAAAAqP4ZABv/jkr/aABh/zsD57kAp+cCAIz6D+uXAAAu/3r/RAAAAM/v7gQAAABw/6AAAAAAX/9KAAAQeefUAgAASfvIKAAAAA==",
        "height": 13,
        "width": 7
    },
    "’": {
        "advance": 12,
        "bearingX": 0,
        "bearingY": 11,
        "codePoint": 8217,
        "data": "Xd4jQd9UDswQW0YA",
        "height": 4,
        "width": 3
    }
}
