{
    "user": [
        {
            "end": 255,
            "name": "Latin Extended",
            "start": 32
        },
        {
            "end": 255,
            "name": "Basic Latin",
            "start": 32
        },
        {
            "end": 255,
            "name": "Basic Latin",
            "start": 32
        },
        {
            "end": 255,
            "name": "Basic Latin",
            "start": 32
        },
        {
            "end": 255,
            "name": "Latin Extended",
            "start": 32
        },
        {
            "end": 255,
            "name": "Basic Latin",
            "start": 32
        }
    ]
}
