{
    "__categories": [
        {
            "expanded": true,
            "id": "jpg",
            "visible": true
        }
    ],
    "__groups": [
    ],
    "bitsPerPixel": {
        "enabled": false,
        "type": "integer",
        "value": 24,
        "visible": true
    },
    "colorMode": {
        "enabled": false,
        "type": "combo",
        "value": 0,
        "visible": true
    },
    "jpegCompression": {
        "enabled": true,
        "type": "combo",
        "value": 2,
        "visible": true
    },
    "outputSize": {
        "enabled": false,
        "type": "integer",
        "value": 3555,
        "visible": true
    }
}
