{
    "images": [
        {
            "id": "{b65bf067-8829-49b5-a99c-9b6d1984d292}",
            "name": "Alerts_alert1",
            "type": "RGB"
        },
        {
            "id": "{b96e70cb-832d-4820-a1fd-865ccf48d578}",
            "name": "Alerts_alert2",
            "type": "RGB"
        },
        {
            "id": "{e48e2c5a-b3f9-49d9-a7b8-a93fe93de763}",
            "name": "Menu_home",
            "type": "RGB"
        },
        {
            "id": "{6ce9df60-ba78-4c2c-91cc-827f4e9c86a2}",
            "name": "Keypad_cancel",
            "type": "RGB"
        },
        {
            "id": "{f90df18e-e768-4ddb-ba29-f9de80b4c9a3}",
            "name": "Keypad_select",
            "type": "RGB"
        },
        {
            "id": "{d307418c-4270-44cf-bddb-315e8c88dd5c}",
            "name": "Menu_bar_clear",
            "type": "RGB"
        },
        {
            "id": "{ad897508-4c09-40c9-b3e2-1bc0f7bcb4ef}",
            "name": "Menu_chevron_left",
            "type": "RGB"
        },
        {
            "id": "{912b25d3-592d-4dfd-8c00-b0d32c5e90aa}",
            "name": "Menu_chevron_right",
            "type": "RGB"
        },
        {
            "id": "{0264d13d-5985-4e8a-bf97-e5e9e963fb23}",
            "name": "Menu_line",
            "type": "RGB"
        },
        {
            "id": "{a031499f-f1f0-4710-b726-44679677161d}",
            "name": "Menu_bar_chevron",
            "type": "RGB"
        },
        {
            "id": "{f90da983-ef98-4a90-ad00-061df940fb43}",
            "name": "QRCode_email",
            "type": "RGB"
        },
        {
            "id": "{cb968378-baa9-49a9-a8ea-b8ad7d804293}",
            "name": "QRCode_warranty",
            "type": "RGB"
        },
        {
            "id": "{2a8402d8-c7f6-4502-9aa5-3e3e858a8422}",
            "name": "Service_slider_off",
            "type": "RGB"
        },
        {
            "id": "{efeb167c-f642-4e2f-807e-510414b7f6dc}",
            "name": "Service_slider_on",
            "type": "RGB"
        },
        {
            "id": "{2f65b395-8b66-4392-9001-d13a5e82754f}",
            "name": "Keyboard_cancel",
            "type": "RGB"
        },
        {
            "id": "{25becd2d-0444-41b3-a2d2-ccfa70a1a4e4}",
            "name": "Keyboard_case",
            "type": "RGB"
        },
        {
            "id": "{0383df35-5b36-4363-b2d6-70a18e5894ff}",
            "name": "Keyboard_123",
            "type": "RGB"
        },
        {
            "id": "{18288d87-bedc-42a4-81ed-e1cb6258c3c7}",
            "name": "Keyboard_abc",
            "type": "RGB"
        },
        {
            "id": "{327bd940-7100-480a-9977-c50bd79f197c}",
            "name": "Keyboard_alt",
            "type": "RGB"
        },
        {
            "id": "{7d871027-f922-4dd3-843e-4585d4f0652f}",
            "name": "Keyboard_amp",
            "type": "RGB"
        },
        {
            "id": "{2e38a921-9637-41a4-b5b3-8c143a5a81f8}",
            "name": "Keyboard_map",
            "type": "RGB"
        },
        {
            "id": "{fb6f2aa4-ba11-44f5-b197-61a82a164f77}",
            "name": "Keyboard_select",
            "type": "RGB"
        },
        {
            "id": "{fa189a61-f08b-48fe-a6cf-41cec3818482}",
            "name": "Menu_check",
            "type": "RGB"
        },
        {
            "id": "{aa90d0fc-f07d-4e21-9df4-d824c64da498}",
            "name": "Menu_uncheck",
            "type": "RGB"
        },
        {
            "id": "{43980c6c-e58c-4c0c-a7c2-fbb0847af679}",
            "name": "Menu_exit_white",
            "type": "RGB"
        },
        {
            "id": "{b171ed3c-0998-4a2a-9546-89e6aab67d7e}",
            "name": "Menu_exit_black",
            "type": "RGB"
        },
        {
            "id": "{28ea7bd0-aeb9-4551-a905-c84be5de60b4}",
            "name": "Menu_next",
            "type": "RGB"
        },
        {
            "id": "{271b6969-a91c-4656-b0cc-b9c6dbccb83f}",
            "name": "Menu_prev",
            "type": "RGB"
        },
        {
            "id": "{024d3fe5-04be-462e-bc9f-310be090e0d3}",
            "name": "Contact_service_gray2",
            "type": "RGB"
        },
        {
            "id": "{683d0c85-504f-4c93-95d0-82676721b6af}",
            "name": "Contact_service_white",
            "type": "RGB"
        },
        {
            "id": "{8256bfe0-404b-42e4-a6e2-4291172a6354}",
            "name": "Contact_service_gray2_border",
            "type": "RGB"
        },
        {
            "id": "{30ef94da-7b34-4023-89ff-ac4cd41ee04b}",
            "name": "QRCode_manual",
            "type": "RGB"
        },
        {
            "id": "{1776ffcc-73ac-41d1-966c-22b850c398ba}",
            "name": "Menu_step_number",
            "type": "RGB"
        },
        {
            "id": "{e1ec47fd-7f66-42bd-bb81-4ca744a3cb07}",
            "name": "Menu_step_count",
            "type": "RGB"
        },
        {
            "id": "{80ab6889-903d-476c-b8b4-54d916b39da5}",
            "name": "Service_slider_fail",
            "type": "RGB"
        },
        {
            "id": "{040405f7-4c3d-43aa-845a-64f1bef66922}",
            "name": "Service_slider_pass",
            "type": "RGB"
        },
        {
            "id": "{4a651bcf-33e8-46a8-b12e-c8fc0e5afb44}",
            "name": "Splash_ice_anim1",
            "type": "RGB"
        },
        {
            "id": "{c9006ecf-2680-4b75-bac7-955378722ede}",
            "name": "Splash_ice_anim2",
            "type": "RGB"
        },
        {
            "id": "{2f03567e-e6d6-468b-a50a-29a88d89217c}",
            "name": "Splash_ice_anim3",
            "type": "RGB"
        },
        {
            "id": "{a588cf4f-c6d1-4cca-8273-8b96d0c314be}",
            "name": "Splash_ice_anim4",
            "type": "RGB"
        },
        {
            "id": "{bcee178b-f5c1-458b-ac31-d8bdd8c54169}",
            "name": "Splash_ice_anim5",
            "type": "RGB"
        },
        {
            "id": "{39706b7c-0147-4d29-8299-a9c804fce9bf}",
            "name": "Splash_ice_anim6",
            "type": "RGB"
        },
        {
            "id": "{e4ccce01-6cc0-48d0-9ccf-7e965f2e7012}",
            "name": "Splash_ice_anim7",
            "type": "RGB"
        },
        {
            "id": "{9a484f76-dc0e-4149-bf5e-0700085223e5}",
            "name": "Splash_ice_anim8",
            "type": "RGB"
        },
        {
            "id": "{7f6db3a3-9bf9-4321-97d7-820f157d60f7}",
            "name": "Splash_logo",
            "type": "RGB"
        },
        {
            "id": "{4cbff7cd-ba95-47a6-90aa-f72a026ca26b}",
            "name": "Splash_help",
            "type": "RGB"
        },
        {
            "id": "{55476553-1a26-40e5-a054-6b82308e91f6}",
            "name": "Menu_cancel",
            "type": "RGB"
        },
        {
            "id": "{d307b3bc-1ff0-4f9f-b6d6-9b2d77ebb480}",
            "name": "Start_logo",
            "type": "RGB"
        },
        {
            "id": "{650d76ba-7973-4185-91eb-aae8ade9a0d1}",
            "name": "Splash_hotwater_caution",
            "type": "RGB"
        },
        {
            "id": "{61ae30f3-ada9-4a36-945e-82f147035279}",
            "name": "Maintenance_button_off",
            "type": "RGB"
        },
        {
            "id": "{839bdee6-a761-4349-a44b-9e832150f4c5}",
            "name": "Maintenance_button_on",
            "type": "RGB"
        },
        {
            "id": "{e6604cd2-49b8-42c5-b0c7-5c63fbc30f81}",
            "name": "OpSetting_button_off",
            "type": "RGB"
        },
        {
            "id": "{73fcaf63-7914-46d4-83ce-5f1b09cc3e2d}",
            "name": "OpSetting_button_on",
            "type": "RGB"
        },
        {
            "id": "{8bf0dd61-7dcd-4cca-be4b-150aca8b01b7}",
            "name": "Splash_ice_anim9",
            "type": "RGB"
        },
        {
            "id": "{4c95deff-4f85-4e39-b744-43d14d83e36e}",
            "name": "Splash_touchless_anim1",
            "type": "RGB"
        },
        {
            "id": "{b3957d64-61e3-41ce-bd70-f8ea07b4d392}",
            "name": "Splash_touchless_anim2",
            "type": "RGB"
        },
        {
            "id": "{bce0e284-8654-4a78-b2fb-9c17810f6e0b}",
            "name": "Splash_touchless_anim3",
            "type": "RGB"
        },
        {
            "id": "{02059944-89a6-43c0-92e0-b90fa96fff71}",
            "name": "Splash_swoosh",
            "type": "RGB"
        },
        {
            "id": "{aede2749-8ab8-4f91-aa67-7273347e1e8a}",
            "name": "Background",
            "type": "RGB"
        },
        {
            "id": "{ea45e5f3-be80-4c3c-97f9-8013547c3920}",
            "name": "HelpRec",
            "type": "RGB"
        },
        {
            "id": "{057e40d8-7284-46db-9dab-62643ea42734}",
            "name": "HelpRecPressed",
            "type": "RGB"
        },
        {
            "id": "{cdb6a0af-fb8b-4e13-af6e-5b56706fb7f9}",
            "name": "Menu_bar",
            "type": "RGB"
        },
        {
            "id": "{a743b928-b532-4d70-9c34-33fc2ef9052e}",
            "name": "Splash_hotwater_static",
            "type": "RGB"
        },
        {
            "id": "{715203d4-cfb1-45cd-bce0-bae460fce821}",
            "name": "Menu_down",
            "type": "RGB"
        },
        {
            "id": "{365be0f0-7ce6-406f-a8db-1bbab67223c3}",
            "name": "Menu_up",
            "type": "RGB"
        },
        {
            "id": "{55405ed1-95f6-4141-a665-4f3f73f7072b}",
            "name": "Hot_touchless_1",
            "type": "RGB"
        },
        {
            "id": "{6b89bd8a-3808-41f5-bc0d-336322d10e6f}",
            "name": "Hot_touchless_2",
            "type": "RGB"
        },
        {
            "id": "{9a8efe89-4e58-4f7d-896c-13cee4ac7270}",
            "name": "Hot_touchless_3",
            "type": "RGB"
        },
        {
            "id": "{e62e76a8-b633-406a-90ae-8e2b519804d2}",
            "name": "D1_anim1",
            "type": "RGB"
        },
        {
            "id": "{c16dc5d0-d507-4a82-8626-45f2c28f0275}",
            "name": "D1_anim2",
            "type": "RGB"
        },
        {
            "id": "{b4d3150e-e3ff-471a-97f0-c62bad10453f}",
            "name": "D1_anim3",
            "type": "RGB"
        },
        {
            "id": "{79a3ed5d-80d2-4fa0-a97f-502440b67cdf}",
            "name": "StaticIce",
            "type": "RGB"
        },
        {
            "id": "{4606d076-b529-4cf2-b3ae-6f43e26fbf4d}",
            "name": "Splash_water_anim9",
            "type": "RGB"
        },
        {
            "id": "{f5c88e12-c08c-4da8-9f47-97299b8308c7}",
            "name": "Splash_water_anim2",
            "type": "RGB"
        },
        {
            "id": "{d40185a1-2dbe-449d-b70b-339ef85790c3}",
            "name": "Splash_water_anim4",
            "type": "RGB"
        },
        {
            "id": "{6f9cf951-3626-46dc-9cd0-878a77d318a4}",
            "name": "Splash_water_anim6",
            "type": "RGB"
        },
        {
            "id": "{9e5a66b9-375f-4535-bdf2-562c2bdb61b1}",
            "name": "Splash_water_anim8",
            "type": "RGB"
        },
        {
            "id": "{cf5ae309-135c-42d9-a988-06b280e2543d}",
            "name": "Splash_water_anim1",
            "type": "RGB"
        },
        {
            "id": "{fb58891e-3e50-4025-bf3a-d52cdb873b68}",
            "name": "D3_Anim1",
            "type": "RGB"
        },
        {
            "id": "{0bf30853-fd33-4076-a7e6-9c3760086998}",
            "name": "D3_Anim2",
            "type": "RGB"
        },
        {
            "id": "{18c6d04e-76a9-4d6b-9a8b-73c9c92be2f3}",
            "name": "D3_anim3",
            "type": "RGB"
        },
        {
            "id": "{2b619ec7-05e3-430b-9f3a-60e09d49d070}",
            "name": "menu_wdown1",
            "type": "RGB"
        },
        {
            "id": "{fd23f808-9950-4cb4-8e37-b01ae25e5823}",
            "name": "menu_wup1",
            "type": "RGB"
        },
        {
            "id": "{1b286f5d-35ed-4d57-b26e-d246aa82f64e}",
            "name": "advancedBtn",
            "type": "RGB"
        },
        {
            "id": "{0e141303-5314-427a-af17-8f943de766e7}",
            "name": "littleUP",
            "type": "RGB"
        },
        {
            "id": "{b4c4c663-df17-4a0a-8354-51741a7c6583}",
            "name": "littledown",
            "type": "RGB"
        },
        {
            "id": "{a464faa8-4f70-4843-a7e2-95764ca50641}",
            "name": "HotWaterRedFull_1",
            "type": "RGB"
        },
        {
            "id": "{aa4ffba0-e9bd-4d98-ad5a-d53c67fbbbb6}",
            "name": "HotWaterRedFull_3",
            "type": "RGB"
        },
        {
            "id": "{74004d75-d8c3-434f-b484-208b54c85a82}",
            "name": "HotWaterRedFull_5",
            "type": "RGB"
        },
        {
            "id": "{8a77aca1-de98-4306-b7a6-86d1504eaae7}",
            "name": "cover",
            "type": "RGB"
        },
        {
            "id": "{2c4159fd-4653-4d0f-9249-4edc48e7b36d}",
            "name": "D2_anim1",
            "type": "RGB"
        },
        {
            "id": "{37f1de83-8448-4dea-b30a-fdce7e741b23}",
            "name": "D2_anim2",
            "type": "RGB"
        },
        {
            "id": "{2f6ac549-be00-41e0-8d23-f3465a3d9d39}",
            "name": "D2_anim3",
            "type": "RGB"
        },
        {
            "id": "{b2564f9e-653b-4572-9cc8-6fd388b46c41}",
            "name": "Alert3",
            "type": "RGB"
        },
        {
            "id": "{bbd068eb-ed3e-467c-8a21-a7b45121d5a6}",
            "name": "filter6",
            "type": "RGB"
        },
        {
            "id": "{0033cc7d-9374-4836-87e9-4b4ca79484cb}",
            "name": "step4",
            "type": "RGB"
        },
        {
            "id": "{9894f019-9628-4a14-9922-9d9afa7301cc}",
            "name": "sanitize6",
            "type": "RGB"
        },
        {
            "id": "{66d6d142-7f9c-49d0-8afe-ba30020e37d4}",
            "name": "step1",
            "type": "RGB"
        },
        {
            "id": "{a258b2c9-2799-4b1c-b9f8-42255766a11e}",
            "name": "step2",
            "type": "RGB"
        },
        {
            "id": "{2ea0a8a7-7e39-4288-8eed-27a7480243af}",
            "name": "step3",
            "type": "RGB"
        },
        {
            "id": "{f2476033-07c2-47e8-a66f-2cb1acd1df40}",
            "name": "filter5",
            "type": "RGB"
        }
    ],
    "paths": [
    ]
}
